CVDs,RSP,NO2,SO2,O3
214.0,73.67,74.48,19.13,17.35
203.0,77.58,80.87,18.76,39.43
202.0,64.81,67.09,13.83,56.35
182.0,68.85,74.73,30.79,5.6
181.0,49.45,62.29,23.07,3.6
129.0,67.35,63.64,17.44,6.73
104.0,30.31,44.4,8.11,9.6
197.0,156.55,48.56,8.53,24.85
157.0,47.33,51.0,9.05,7.79
188.0,42.33,62.71,14.49,13.31
185.0,51.57,62.81,17.07,13.52
161.0,34.32,45.19,20.67,2.1
144.0,19.78,34.79,10.39,3.54
111.0,42.75,41.31,9.5,12.98
176.0,54.72,61.32,12.72,25.29
169.0,76.99,101.33,43.17,9.17
167.0,79.72,102.31,60.3,5.67
169.0,64.12,81.01,44.71,5.43
159.0,69.21,69.9,45.84,0.29
101.0,47.81,49.23,26.0,9.04
114.0,82.77,46.79,8.11,51.42
180.0,47.65,60.4,12.08,32.92
161.0,59.8,58.73,12.01,49.25
177.0,102.18,87.7,47.74,2.4
151.0,60.67,63.49,32.35,1.67
142.0,23.04,56.02,11.07,27.6
109.0,22.67,52.4,6.31,31.1
116.0,23.74,49.81,5.98,24.67
177.0,25.86,47.33,6.39,38.67
142.0,46.32,52.94,8.61,30.9
130.0,42.86,53.38,8.3,34.04
164.0,109.98,86.42,45.98,0.79
152.0,46.01,58.08,17.49,4.23
127.0,52.54,66.16,11.84,21.73
110.0,57.96,66.04,26.6,13.54
202.0,83.68,74.31,32.62,17.48
188.0,79.38,79.66,40.89,5.23
202.0,66.59,63.54,21.49,51.85
150.0,65.71,56.46,11.81,28.17
106.0,44.94,45.69,45.06,1.92
108.0,39.87,37.66,49.8,4.23
112.0,29.55,32.28,36.68,11.67
125.0,30.21,32.4,15.0,12.85
176.0,33.66,43.16,28.89,7.31
177.0,45.08,51.34,28.86,0.0
147.0,54.25,47.9,7.05,60.67
162.0,47.14,48.67,9.0,16.85
93.0,34.13,42.54,32.93,15.67
119.0,34.1,44.37,30.18,21.48
159.0,41.76,41.34,6.71,33.67
166.0,53.87,52.91,30.87,15.42
180.0,42.29,46.71,10.29,29.96
146.0,51.62,45.4,7.09,37.48
145.0,42.3,46.74,7.94,22.67
115.0,40.85,52.57,23.81,8.17
117.0,33.94,40.96,25.45,17.23
174.0,33.97,41.94,32.58,10.48
159.0,30.81,40.54,39.22,11.73
167.0,33.78,41.84,9.71,13.54
161.0,28.59,50.19,5.76,26.23
177.0,27.81,50.06,8.03,34.6
86.0,88.3,82.13,16.18,53.48
105.0,103.19,100.84,35.47,34.73
173.0,70.51,68.1,9.04,49.15
144.0,48.33,63.94,8.45,23.85
180.0,52.82,72.44,16.16,41.1
146.0,53.97,52.14,6.11,51.42
133.0,45.83,51.31,6.18,35.4
125.0,18.98,49.71,7.19,32.29
124.0,49.57,74.27,38.95,56.85
200.0,83.03,53.9,12.03,42.27
181.0,64.59,49.76,6.83,23.73
180.0,41.57,68.4,15.11,8.73
159.0,47.47,72.05,16.35,9.73
154.0,39.71,40.51,27.13,9.6
123.0,36.29,37.39,23.4,18.35
113.0,35.48,37.0,16.7,26.48
181.0,33.93,47.12,7.41,12.68
116.0,37.54,48.69,4.64,38.73
192.0,43.18,52.85,6.81,47.54
172.0,54.9,48.58,26.14,9.92
141.0,38.68,39.42,52.55,12.04
120.0,28.35,34.17,41.75,14.85
124.0,26.93,28.21,8.7,19.42
159.0,33.28,39.33,41.47,10.42
157.0,24.63,26.96,9.6,16.79
164.0,22.44,24.35,4.71,13.7
137.0,25.91,25.91,5.6,12.54
82.0,22.37,21.55,4.21,20.6
93.0,27.15,27.52,17.15,7.17
100.0,25.28,30.85,32.88,12.48
187.0,30.65,38.63,12.38,2.73
156.0,50.33,41.85,5.24,53.92
176.0,47.39,43.88,5.7,44.92
153.0,36.36,46.73,17.93,7.67
151.0,37.85,52.83,17.28,19.65
109.0,39.58,57.8,15.66,14.73
104.0,23.17,41.5,4.94,28.35
173.0,44.55,61.02,13.82,49.67
157.0,44.05,49.74,9.34,52.23
153.0,25.92,35.59,27.89,4.79
137.0,30.61,21.0,18.96,5.1
150.0,31.42,28.91,24.12,9.17
91.0,28.01,25.68,17.24,7.54
89.0,25.94,37.65,15.02,11.35
101.0,23.13,26.41,26.11,15.35
160.0,23.83,23.77,13.7,12.73
180.0,25.86,23.48,15.06,13.48
154.0,25.85,22.65,11.4,14.67
131.0,28.35,23.57,14.92,13.35
110.0,23.7,23.81,12.45,14.29
92.0,19.85,23.6,11.24,18.23
180.0,26.89,31.83,16.35,18.54
151.0,30.04,31.91,15.09,9.65
142.0,29.39,35.27,20.31,10.73
151.0,22.03,27.55,9.72,18.18
169.0,22.59,32.64,19.5,9.79
118.0,17.27,29.45,6.98,15.23
87.0,19.67,36.76,20.55,9.85
164.0,27.05,39.26,29.13,6.23
149.0,31.55,40.95,28.58,16.18
158.0,30.23,34.69,28.47,6.4
168.0,23.18,31.58,28.56,14.79
158.0,25.3,23.99,5.52,13.54
125.0,21.89,27.38,6.37,15.35
104.0,24.27,34.53,22.39,11.23
201.0,23.37,31.17,25.5,16.98
149.0,23.06,32.24,26.14,17.35
164.0,25.12,39.8,19.29,9.98
149.0,25.84,45.22,20.45,1.42
135.0,30.63,42.61,20.87,0.04
117.0,35.0,35.66,17.33,0.0
105.0,27.6,34.62,16.07,3.54
178.0,26.77,35.48,28.99,9.0
143.0,25.68,36.72,19.87,15.29
144.0,24.82,33.16,19.39,31.06
170.0,25.2,36.58,15.47,20.92
157.0,31.42,42.89,24.67,27.85
106.0,36.36,38.12,17.7,31.42
105.0,25.73,38.99,15.03,29.92
168.0,26.98,40.7,18.17,12.1
144.0,27.97,49.72,24.67,5.98
188.0,30.31,47.12,29.53,10.17
161.0,18.34,51.6,17.81,11.1
142.0,26.71,36.7,10.05,16.15
122.0,60.1,71.25,28.2,41.42
107.0,52.46,50.5,15.95,53.04
172.0,66.86,62.53,39.48,48.73
133.0,27.13,30.28,19.61,7.08
165.0,26.81,31.06,14.27,6.54
113.0,16.9,33.35,14.79,12.31
152.0,17.26,27.6,10.03,9.93
110.0,20.56,28.17,7.02,3.73
82.0,24.9,29.9,6.92,10.17
167.0,30.55,37.19,11.37,8.6
161.0,32.67,32.22,17.9,4.17
161.0,38.61,47.92,25.34,12.1
159.0,49.11,57.1,30.44,50.98
150.0,17.72,25.14,6.7,9.42
70.0,19.82,19.06,4.23,22.23
120.0,30.72,28.98,19.45,5.04
168.0,30.09,44.18,20.84,1.1
159.0,26.77,40.44,14.07,8.48
192.0,27.97,44.22,10.42,25.99
151.0,25.02,43.61,9.86,28.79
162.0,34.6,52.72,12.97,28.98
104.0,29.3,39.65,9.01,34.23
110.0,23.61,32.04,6.3,23.54
182.0,29.92,33.41,8.16,34.52
162.0,29.35,30.85,11.82,15.98
176.0,38.49,53.47,45.61,6.35
144.0,77.97,87.1,51.56,11.73
148.0,91.79,82.56,31.74,60.71
93.0,17.33,26.21,7.37,23.79
83.0,14.13,20.26,4.26,15.6
119.0,17.28,17.18,5.03,14.48
167.0,26.54,28.89,8.02,15.92
156.0,49.02,58.66,33.83,27.67
128.0,64.42,38.33,18.82,32.42
161.0,19.61,32.58,18.82,32.42
108.0,23.37,22.64,6.83,9.35
92.0,38.98,43.13,22.88,24.35
183.0,59.14,70.89,44.79,19.21
148.0,67.93,61.98,35.27,28.56
169.0,22.06,23.11,5.97,13.29
140.0,24.98,22.83,6.68,18.04
150.0,36.42,32.04,12.48,8.42
68.0,46.53,54.28,38.31,22.54
114.0,37.56,39.33,20.03,23.85
148.0,25.89,28.0,9.15,22.04
155.0,42.07,40.57,8.89,41.48
199.0,42.21,50.2,12.08,39.35
159.0,51.55,53.51,12.98,41.92
146.0,57.87,58.74,17.02,33.31
90.0,69.24,58.73,17.64,39.6
92.0,59.98,46.81,8.39,53.85
160.0,58.03,45.41,8.38,66.75
151.0,43.51,54.35,8.39,59.1
168.0,29.08,47.24,8.41,41.42
163.0,36.31,51.5,9.45,33.1
139.0,77.01,73.05,19.79,76.54
92.0,73.63,91.37,26.97,56.92
113.0,60.12,70.39,14.55,48.98
186.0,54.63,57.12,8.47,21.54
140.0,71.1,64.14,11.24,70.6
178.0,58.07,50.18,7.6,70.17
157.0,47.63,44.99,5.77,36.98
165.0,56.67,44.5,7.09,49.73
124.0,35.71,44.79,6.46,38.42
98.0,43.84,40.78,6.18,65.54
137.0,17.94,22.79,2.84,11.23
126.0,26.22,19.18,2.32,25.17
177.0,30.2,29.03,9.52,6.77
141.0,23.6,38.41,9.96,6.85
143.0,31.14,45.69,10.35,12.73
109.0,29.11,40.54,8.19,29.17
108.0,36.45,43.16,8.97,52.29
159.0,43.75,42.67,11.04,26.73
159.0,47.62,42.18,10.11,42.65
162.0,42.6,40.37,6.87,49.1
143.0,46.94,42.43,6.71,53.04
151.0,44.99,40.77,6.34,44.73
100.0,40.16,49.1,9.43,51.94
129.0,28.8,48.88,7.98,38.42
193.0,60.99,52.0,9.53,70.54
149.0,60.4,46.48,10.52,72.98
162.0,67.89,65.93,23.04,41.71
164.0,72.39,72.1,18.76,43.04
164.0,65.72,68.83,13.33,50.43
111.0,58.3,61.82,10.83,30.04
115.0,50.58,47.0,8.6,59.17
206.0,57.68,62.69,12.86,30.6
176.0,69.94,50.9,9.2,31.92
183.0,45.9,47.45,8.33,26.71
176.0,61.28,49.54,10.3,23.85
164.0,67.73,58.13,11.54,31.23
108.0,72.34,76.07,18.45,40.04
111.0,66.95,71.81,14.17,50.98
173.0,72.62,74.97,15.96,48.23
158.0,91.74,68.31,18.19,51.6
81.0,115.94,57.34,13.15,77.1
179.0,127.26,70.64,17.33,62.79
155.0,110.96,79.83,19.83,56.9
128.0,94.82,75.22,18.56,54.92
103.0,73.87,56.49,14.59,33.35
175.0,67.09,58.89,17.07,16.1
153.0,59.12,51.55,11.13,16.84
211.0,118.23,65.03,17.83,41.23
155.0,127.73,79.81,21.0,53.68
168.0,96.29,92.61,27.2,62.48
106.0,88.75,74.04,17.71,74.48
77.0,79.74,66.9,12.73,99.6
173.0,72.31,81.11,21.81,46.85
147.0,76.83,61.32,14.12,26.73
156.0,63.06,54.13,12.81,44.02
169.0,53.03,68.48,14.76,38.79
178.0,45.12,76.3,15.17,44.54
116.0,49.67,64.98,11.94,52.98
112.0,59.34,57.72,13.59,61.29
180.0,109.99,70.14,21.25,43.06
160.0,114.99,68.13,19.26,42.6
176.0,141.77,98.85,32.54,51.67
182.0,83.45,50.72,14.44,51.67
172.0,71.63,57.92,14.58,56.6
114.0,59.62,86.13,19.0,52.85
123.0,73.36,96.02,16.66,44.54
224.0,64.91,81.71,14.17,58.92
163.0,76.57,68.83,14.6,43.35
186.0,83.38,71.52,15.88,42.02
185.0,55.84,72.08,13.1,45.85
159.0,68.47,61.07,10.18,52.08
121.0,91.52,73.66,14.13,56.73
124.0,106.37,69.0,14.81,62.73
194.0,104.83,69.72,19.55,42.04
161.0,122.28,69.55,22.92,49.1
174.0,101.29,63.79,20.29,51.67
178.0,83.49,70.33,19.46,57.42
167.0,77.62,78.11,23.37,61.42
125.0,89.7,85.85,22.38,78.1
127.0,48.42,60.58,9.31,81.85
208.0,63.25,87.7,24.18,41.42
215.0,74.64,97.08,27.18,73.42
211.0,64.2,78.58,19.32,62.97
183.0,87.54,81.61,21.27,35.92
166.0,46.75,58.69,7.44,26.79
113.0,74.27,59.38,9.49,28.29
120.0,52.03,48.22,8.79,4.48
192.0,37.04,46.51,10.65,15.65
167.0,47.46,59.4,19.67,23.29
194.0,62.92,65.12,14.73,25.06
180.0,56.31,54.42,13.66,39.79
158.0,79.08,74.21,23.5,28.29
127.0,84.8,77.08,25.79,29.48
96.0,90.08,67.41,16.95,57.73
85.0,114.56,71.81,22.85,71.79
113.0,93.98,63.97,20.02,63.98
209.0,75.38,72.95,19.51,43.54
162.0,79.66,67.55,18.26,50.92
167.0,72.92,67.44,19.16,59.77
127.0,71.35,78.68,26.52,42.85
116.0,93.7,93.87,31.25,53.23
148.0,77.86,92.86,29.99,39.43
187.0,90.81,122.16,42.94,34.74
208.0,119.25,122.22,55.42,40.49
228.0,97.42,59.52,14.9,69.55
180.0,94.87,73.92,13.27,51.74
121.0,74.45,78.92,12.81,63.49
139.0,61.94,68.35,10.45,80.24
191.0,75.16,71.92,15.5,39.11
166.0,96.78,58.21,16.24,34.17
187.0,101.25,85.76,31.93,28.36
161.0,65.22,56.41,9.97,52.74
148.0,50.17,53.69,6.81,46.99
123.0,40.13,58.03,9.03,44.18
125.0,77.46,71.96,17.28,55.99
194.0,57.15,72.77,23.59,17.74
161.0,83.9,60.6,17.4,21.05
206.0,47.78,55.28,9.1,31.36
191.0,99.37,87.02,45.36,40.18
149.0,71.27,56.07,14.34,24.68
117.0,35.69,51.69,9.55,44.61
123.0,34.72,53.63,6.9,31.86
209.0,114.43,101.13,45.91,11.17
199.0,110.65,85.15,51.55,34.74
177.0,47.84,48.06,7.39,52.93
182.0,90.79,69.08,24.44,35.61
177.0,49.3,55.91,12.78,26.43
135.0,62.06,55.85,13.6,9.8
116.0,67.6,62.56,13.97,18.93
171.0,83.29,73.92,23.29,24.74
158.0,75.16,60.56,15.45,21.99
182.0,98.69,81.43,24.48,41.74
182.0,97.9,73.34,21.27,49.68
181.0,99.86,69.75,18.81,56.55
131.0,87.24,67.44,15.33,73.3
150.0,88.23,93.45,23.49,47.68
216.0,104.22,91.93,24.36,58.7
194.0,78.6,65.94,12.97,68.29
191.0,67.82,64.0,11.62,50.86
181.0,83.6,85.03,23.88,39.58
186.0,80.27,55.9,12.14,54.99
142.0,75.11,67.41,14.8,67.3
131.0,73.32,61.75,11.14,56.36
209.0,62.16,87.66,19.99,20.31
181.0,48.53,77.29,29.85,18.55
189.0,42.85,65.63,39.21,6.31
168.0,40.79,53.68,40.69,10.0
171.0,39.82,54.42,6.97,56.67
110.0,42.31,49.07,4.43,48.11
120.0,18.55,29.28,3.17,19.18
84.0,16.05,28.74,3.11,17.81
98.0,21.26,35.95,4.01,24.06
136.0,20.46,37.53,3.12,32.42
213.0,21.17,44.19,4.91,32.42
206.0,24.7,48.74,6.76,11.36
166.0,23.69,53.31,8.15,9.74
148.0,37.89,56.87,12.32,7.49
241.0,39.99,52.49,11.68,2.04
197.0,33.36,51.52,7.71,7.74
208.0,50.23,59.97,8.33,41.67
231.0,101.88,74.24,28.31,41.68
259.0,66.98,71.75,18.87,54.92
164.0,107.9,87.35,18.0,41.68
163.0,110.64,93.39,20.05,67.49
250.0,66.04,74.6,13.87,79.49
208.0,66.03,74.69,14.52,82.68
260.0,73.87,78.83,13.17,53.24
224.0,67.49,75.27,29.37,29.3
190.0,63.46,75.28,39.67,7.18
148.0,39.6,46.44,7.63,30.93
142.0,22.15,43.06,5.57,12.61
226.0,32.98,49.26,10.74,20.79
217.0,56.22,59.17,14.13,8.93
202.0,44.46,66.13,12.96,21.3
204.0,52.1,62.72,14.71,19.06
215.0,45.58,48.38,32.93,5.15
148.0,32.88,35.34,15.95,12.74
135.0,27.75,30.9,20.97,11.11
257.0,26.39,38.02,16.03,7.96
186.0,14.05,43.04,4.78,26.06
207.0,21.98,48.83,7.24,20.34
187.0,40.94,59.21,17.12,15.61
177.0,67.19,53.41,26.38,4.61
127.0,31.9,49.1,7.92,30.68
106.0,40.32,52.23,11.27,48.24
232.0,63.96,66.55,22.69,39.0
195.0,41.39,50.8,10.98,21.43
205.0,45.22,55.1,8.23,49.8
205.0,27.81,44.97,5.37,46.61
181.0,47.24,82.31,27.05,26.24
113.0,41.15,56.48,21.94,13.8
144.0,33.52,39.8,21.08,16.24
194.0,39.63,48.36,17.08,18.18
169.0,23.55,43.68,7.09,12.61
152.0,19.32,46.31,6.44,8.99
91.0,33.05,45.46,7.51,13.55
105.0,44.27,51.32,6.71,72.11
108.0,55.0,55.33,6.05,61.67
152.0,39.19,55.94,6.16,75.92
159.0,34.25,50.95,5.82,41.8
226.0,41.69,53.25,5.48,49.99
216.0,27.25,52.41,11.31,14.36
213.0,32.57,51.34,7.84,30.61
175.0,51.58,54.5,9.15,68.84
164.0,42.53,52.72,8.16,52.11
123.0,48.71,66.77,15.3,49.36
213.0,66.89,80.55,23.39,14.24
223.0,122.64,115.18,84.49,27.05
223.0,88.91,96.54,50.96,0.67
181.0,45.02,52.31,18.8,12.61
181.0,26.28,57.44,17.93,10.11
128.0,37.57,53.81,8.21,35.11
130.0,82.41,59.23,12.15,80.18
172.0,75.71,67.09,12.47,77.99
171.0,52.28,67.57,10.73,73.18
210.0,43.54,67.15,10.5,74.72
172.0,47.81,72.72,12.53,57.8
186.0,49.5,72.15,12.31,50.43
114.0,41.01,48.82,8.9,48.81
138.0,40.5,44.63,7.6,41.11
208.0,37.72,47.51,24.83,18.8
184.0,35.04,59.99,21.93,7.11
185.0,55.81,67.34,42.68,4.55
167.0,38.74,42.49,26.46,16.86
151.0,49.45,56.71,9.05,38.49
111.0,45.73,50.88,27.34,12.24
110.0,30.42,48.35,17.97,22.18
182.0,32.16,60.77,9.47,12.07
160.0,45.53,48.04,22.69,11.24
192.0,28.69,52.6,9.55,36.93
165.0,115.85,58.47,9.38,92.3
182.0,163.79,59.32,9.14,88.93
99.0,59.83,59.34,9.35,11.8
116.0,54.31,50.11,7.6,55.55
185.0,111.63,64.46,14.35,122.05
168.0,72.92,52.76,8.3,95.68
171.0,54.26,45.48,7.0,81.05
161.0,68.35,73.11,22.73,57.05
130.0,58.84,58.49,11.68,37.59
123.0,54.63,61.39,9.76,107.3
107.0,51.43,45.16,6.53,103.43
216.0,48.67,47.09,7.88,70.99
176.0,50.88,61.21,14.1,69.55
180.0,69.21,83.34,40.83,51.8
182.0,46.78,66.78,28.98,43.99
174.0,42.52,59.4,28.91,41.43
101.0,51.22,50.07,8.39,64.93
119.0,22.32,52.44,18.81,18.68
197.0,26.82,54.02,33.49,15.11
187.0,33.88,55.82,33.47,17.93
182.0,39.9,55.55,32.38,0.29
166.0,30.79,35.67,25.71,13.94
177.0,23.52,25.3,16.78,11.93
126.0,28.09,32.19,32.13,17.18
108.0,21.82,28.11,22.2,18.24
197.0,23.75,25.74,22.29,21.11
163.0,21.73,27.3,17.99,25.22
190.0,25.32,27.8,23.77,23.93
152.0,26.11,31.31,22.2,23.52
167.0,30.8,39.37,28.65,34.36
109.0,34.24,45.22,25.15,32.49
116.0,20.07,21.83,7.37,20.74
196.0,23.04,22.08,9.61,13.17
172.0,26.2,30.15,16.77,16.18
179.0,26.85,39.68,25.74,18.74
167.0,25.08,29.45,17.74,17.18
142.0,26.63,29.56,11.28,16.3
85.0,20.73,27.86,7.79,12.8
105.0,21.0,27.81,15.89,11.36
123.0,21.14,27.68,28.07,19.18
169.0,22.27,30.61,38.12,14.11
146.0,24.43,27.68,20.57,13.99
107.0,25.25,24.8,12.42,23.11
158.0,30.51,31.19,13.98,16.74
109.0,30.4,48.2,20.45,7.3
108.0,21.96,38.51,16.56,4.11
207.0,38.1,36.28,22.09,13.18
170.0,35.92,34.46,27.95,23.55
201.0,34.95,35.63,18.25,19.41
179.0,29.43,36.16,24.49,26.43
169.0,28.13,32.23,18.52,17.86
121.0,27.28,26.02,22.83,12.18
111.0,24.72,19.83,14.23,17.61
182.0,29.42,26.93,21.37,20.36
162.0,25.71,22.9,17.89,18.05
197.0,23.23,29.1,17.72,9.29
176.0,27.4,30.03,44.39,22.21
165.0,27.94,34.46,31.49,22.81
134.0,27.39,34.53,27.24,29.99
88.0,23.53,33.96,18.01,40.86
195.0,26.38,35.92,29.98,27.11
178.0,22.98,32.19,22.22,29.18
169.0,25.11,26.04,18.47,19.8
152.0,30.18,25.32,16.52,15.74
168.0,35.86,49.0,27.81,12.24
117.0,29.76,34.29,31.35,16.43
127.0,17.47,23.74,19.95,18.55
223.0,20.25,28.33,23.81,16.93
155.0,25.67,31.81,24.81,20.24
179.0,22.16,28.6,16.56,31.06
187.0,20.76,28.1,11.05,25.43
157.0,24.06,28.95,8.63,6.99
113.0,26.06,25.7,6.31,16.43
91.0,25.12,16.76,3.4,14.43
200.0,23.15,22.69,4.24,23.05
154.0,23.51,23.78,5.53,16.49
156.0,25.46,28.24,7.75,16.81
161.0,80.22,76.9,64.41,107.3
161.0,103.02,72.98,69.07,135.61
116.0,31.68,50.38,25.56,19.24
111.0,26.77,29.27,16.19,27.8
211.0,28.54,29.49,9.54,14.93
158.0,39.24,48.95,22.5,2.54
191.0,77.49,75.1,74.49,90.72
151.0,67.26,61.69,42.69,73.36
180.0,46.69,40.57,15.23,16.8
105.0,39.0,31.97,8.6,16.49
105.0,24.63,19.0,4.06,12.24
192.0,23.67,27.9,6.49,24.09
156.0,49.82,61.12,19.77,52.86
177.0,34.28,34.0,15.52,20.36
161.0,34.14,34.48,25.08,25.68
181.0,35.56,34.44,24.5,23.24
100.0,47.83,56.76,38.05,18.11
101.0,39.78,46.55,33.98,34.55
227.0,39.78,48.89,43.86,48.06
163.0,36.54,44.07,39.07,32.91
180.0,31.17,42.02,23.13,10.99
135.0,30.53,35.06,15.18,19.81
154.0,31.32,39.24,23.45,5.43
120.0,33.74,41.34,38.15,8.18
103.0,34.1,37.65,24.26,6.68
170.0,31.02,37.21,21.36,17.86
177.0,82.25,93.42,52.3,168.93
163.0,31.45,23.96,7.58,19.17
157.0,26.16,24.21,10.94,22.06
147.0,35.88,38.11,27.51,32.06
92.0,40.08,49.51,43.2,16.49
88.0,31.07,48.11,35.36,17.93
132.0,33.61,50.14,41.09,17.24
201.0,28.5,40.43,31.91,34.68
191.0,35.88,43.41,41.03,29.79
164.0,34.56,41.87,26.51,28.68
166.0,32.3,31.84,26.99,17.36
127.0,33.09,35.49,32.15,19.18
127.0,45.31,60.71,44.73,62.11
204.0,93.46,102.53,55.87,60.43
160.0,67.35,76.26,27.76,50.74
176.0,42.49,59.07,17.44,37.84
170.0,40.23,54.1,10.82,63.34
162.0,59.17,71.3,18.78,38.8
112.0,46.07,55.72,12.01,51.55
93.0,47.47,46.25,10.56,91.74
199.0,31.71,20.47,6.42,23.36
178.0,32.97,37.13,11.05,41.74
181.0,39.99,39.06,9.44,54.43
190.0,38.68,32.12,8.28,49.19
164.0,22.17,24.97,5.97,16.24
109.0,24.24,26.34,5.73,7.55
102.0,32.19,38.75,6.5,29.05
188.0,43.26,41.74,11.66,39.11
154.0,47.9,40.0,9.66,43.18
156.0,43.26,34.27,8.67,35.47
150.0,22.16,26.94,6.78,12.64
156.0,26.86,33.06,9.26,11.24
96.0,29.56,38.33,12.49,2.43
104.0,39.33,45.24,9.03,52.49
179.0,46.74,50.71,13.52,25.18
138.0,29.67,48.78,11.39,43.54
170.0,36.55,51.89,13.48,26.74
167.0,33.95,50.45,11.97,52.66
128.0,42.73,56.54,13.96,66.52
97.0,58.3,54.03,13.24,85.36
114.0,63.75,53.96,12.11,90.99
198.0,68.06,66.33,16.66,83.36
189.0,56.0,66.75,15.39,52.74
168.0,71.51,87.7,33.99,31.92
176.0,108.26,91.23,53.57,95.18
173.0,93.69,81.08,36.39,66.68
117.0,57.65,55.16,10.49,71.18
122.0,31.39,36.92,5.96,45.3
192.0,37.35,41.31,7.93,32.49
151.0,60.19,63.55,18.53,60.49
173.0,54.52,59.89,14.67,18.36
184.0,44.79,52.68,12.15,45.68
166.0,49.99,58.66,13.74,61.11
140.0,55.05,55.79,13.45,75.11
126.0,49.0,38.47,8.38,49.74
168.0,56.18,41.29,9.58,30.68
154.0,78.32,53.09,13.21,63.93
180.0,70.59,52.93,11.27,92.68
173.0,66.51,65.44,14.63,64.8
169.0,89.15,82.64,22.12,77.05
106.0,99.6,62.19,13.92,72.11
95.0,78.37,51.67,9.48,53.61
133.0,28.59,47.58,7.97,50.05
181.0,41.06,56.65,10.56,58.36
195.0,40.12,53.51,10.48,68.24
125.0,53.5,74.62,22.34,63.49
169.0,65.81,65.12,15.23,62.8
115.0,92.47,55.06,9.84,63.3
109.0,65.26,50.58,9.99,81.74
185.0,72.91,82.02,22.13,52.95
165.0,55.64,67.79,14.01,61.11
187.0,47.49,55.46,12.35,42.18
169.0,39.9,46.81,13.47,29.55
152.0,38.01,44.45,14.96,33.93
123.0,62.93,49.49,13.12,48.05
114.0,44.96,35.67,5.86,54.8
192.0,39.47,42.8,8.49,50.05
184.0,43.71,47.73,9.34,64.79
153.0,37.86,38.53,8.25,45.36
164.0,44.95,51.75,11.68,40.68
173.0,65.85,74.39,19.6,61.68
108.0,59.85,47.68,10.43,54.86
110.0,55.98,46.0,11.95,53.93
189.0,49.41,51.69,14.45,36.93
162.0,49.12,53.7,13.53,18.93
168.0,48.84,42.58,9.92,13.29
160.0,63.48,59.22,13.92,43.93
157.0,56.67,55.36,11.99,37.3
123.0,59.9,51.49,12.4,23.36
119.0,88.46,44.88,9.37,57.8
193.0,60.12,48.9,11.3,30.55
151.0,73.18,69.43,19.63,39.93
174.0,87.16,83.75,25.62,37.67
163.0,68.4,66.88,16.78,57.61
174.0,82.55,67.12,14.55,59.8
154.0,119.21,88.29,23.04,62.74
120.0,98.88,68.45,15.16,82.8
218.0,58.26,60.34,12.63,43.8
180.0,63.51,71.75,18.99,43.81
219.0,79.59,67.25,14.94,54.61
171.0,76.36,52.46,9.9,58.55
185.0,94.78,70.08,16.37,49.74
117.0,64.72,52.56,10.8,45.24
122.0,64.95,48.06,9.55,56.86
215.0,84.8,50.97,15.84,26.93
168.0,46.79,48.42,8.07,33.61
198.0,45.55,64.18,14.68,17.24
179.0,75.9,53.9,17.81,38.11
163.0,75.74,53.18,13.23,42.18
120.0,53.9,62.61,11.33,53.43
127.0,73.59,65.26,18.47,39.36
219.0,56.33,58.13,10.06,7.28
194.0,68.7,76.7,21.51,28.11
191.0,97.64,95.81,28.81,31.36
193.0,117.02,105.16,28.24,43.18
172.0,111.3,104.68,31.29,37.05
142.0,104.31,85.88,20.49,63.74
124.0,76.23,64.03,12.5,76.93
199.0,88.63,95.37,27.09,22.29
209.0,109.45,104.83,32.51,23.86
173.0,104.16,66.04,16.57,54.02
204.0,118.05,81.95,31.71,38.61
181.0,101.78,73.91,16.51,40.49
150.0,105.43,92.42,22.39,41.55
169.0,89.1,94.15,27.35,59.24
219.0,79.45,84.22,18.49,56.49
137.0,113.03,103.8,29.36,34.16
117.0,109.66,108.56,39.6,48.93
146.0,75.4,76.41,20.46,40.61
210.0,45.34,61.09,14.35,48.68
145.0,50.51,66.4,13.7,61.36
128.0,73.57,87.43,24.53,21.61
203.0,118.97,117.14,38.7,19.93
156.0,78.96,85.84,26.76,35.68
134.0,103.46,111.37,52.68,13.8
188.0,142.78,73.27,18.79,66.8
160.0,96.83,61.8,9.4,32.11
109.0,43.0,72.19,16.42,5.61
103.0,78.54,49.21,10.36,45.61
206.0,74.93,62.93,14.39,51.61
176.0,86.38,68.38,19.51,41.17
153.0,78.07,60.78,16.47,40.49
201.0,79.31,61.8,16.39,36.24
195.0,83.82,74.24,21.37,40.74
128.0,70.86,88.41,27.38,32.49
112.0,71.23,69.57,14.24,70.11
211.0,82.29,66.69,13.42,66.42
199.0,60.32,72.65,13.72,28.11
185.0,58.46,61.02,11.2,47.36
210.0,70.15,75.03,15.89,36.36
173.0,48.84,65.27,11.71,46.61
135.0,69.62,86.44,21.31,23.11
138.0,76.14,66.01,18.25,27.92
200.0,88.06,79.22,18.5,20.34
205.0,71.5,71.76,14.42,20.86
202.0,62.37,46.16,5.19,36.86
168.0,27.93,48.94,7.44,12.05
184.0,32.21,49.42,10.59,26.24
120.0,54.24,53.41,11.76,11.92
133.0,76.72,74.44,19.84,36.86
227.0,101.72,95.32,33.26,42.67
196.0,79.14,88.22,26.57,23.99
176.0,68.25,82.32,16.7,38.46
176.0,77.21,82.36,17.46,41.8
166.0,73.28,73.08,15.26,29.55
127.0,70.15,53.98,7.84,43.74
129.0,33.48,52.6,5.65,20.92
186.0,14.33,45.24,6.21,17.3
151.0,26.47,49.37,9.81,22.24
132.0,35.83,48.17,9.8,13.49
101.0,20.62,35.99,4.21,23.86
85.0,18.94,36.35,5.86,9.17
112.0,35.97,44.7,12.36,15.11
108.0,41.77,48.04,9.29,10.92
203.0,36.05,37.12,5.85,9.67
190.0,45.82,40.44,6.56,27.24
187.0,56.62,43.46,5.99,23.42
190.0,53.33,46.26,6.51,28.67
181.0,42.07,47.7,5.45,53.05
144.0,36.93,51.01,9.59,2.61
126.0,25.66,42.36,5.53,9.36
234.0,52.96,46.04,8.79,7.51
196.0,57.14,49.39,11.38,18.24
211.0,67.24,56.64,13.18,55.49
183.0,62.57,80.95,18.42,50.98
173.0,71.07,85.05,20.48,62.11
150.0,69.2,54.4,11.4,89.3
128.0,56.02,46.38,7.97,81.67
226.0,45.17,58.5,9.86,59.92
189.0,48.26,65.74,10.1,46.61
221.0,44.48,60.8,9.67,41.55
207.0,49.95,55.66,11.77,78.76
171.0,61.49,79.11,35.59,30.36
149.0,89.34,92.18,55.0,20.24
138.0,32.22,44.47,6.91,40.05
194.0,33.36,58.48,9.47,24.86
179.0,72.98,75.48,14.11,37.24
156.0,73.51,71.75,13.74,40.67
195.0,66.49,84.8,19.42,23.55
184.0,62.54,73.88,21.6,16.42
130.0,47.75,56.74,8.45,33.61
127.0,55.13,46.97,4.09,60.67
210.0,49.27,53.98,7.98,29.55
159.0,48.13,55.78,7.2,24.05
198.0,44.88,52.11,8.09,15.3
171.0,44.0,48.12,18.69,21.3
175.0,41.21,43.78,24.28,2.8
144.0,44.28,46.1,43.42,10.49
100.0,46.34,45.44,7.97,26.74
189.0,39.38,41.48,9.09,8.24
141.0,36.05,48.72,4.6,33.3
167.0,40.08,74.28,25.21,34.17
168.0,39.84,55.74,13.24,6.42
180.0,54.83,67.15,19.37,8.42
108.0,76.73,57.8,42.93,0.36
124.0,25.84,37.96,7.13,6.05
172.0,47.91,50.37,7.0,62.8
169.0,41.97,53.92,5.44,52.74
162.0,44.27,73.48,15.43,38.67
142.0,47.05,54.32,6.31,54.49
113.0,44.63,62.38,8.19,31.3
97.0,44.4,69.96,11.6,6.36
112.0,33.29,54.7,7.62,59.86
141.0,81.52,47.98,5.9,97.17
212.0,56.4,54.43,5.92,42.3
203.0,61.65,60.18,11.62,23.17
192.0,36.95,49.3,13.76,6.8
157.0,47.87,93.06,33.22,11.8
118.0,120.35,112.42,64.26,11.74
115.0,55.28,59.95,14.46,27.05
172.0,58.94,59.56,6.49,25.42
181.0,90.76,79.85,26.57,11.67
184.0,70.64,69.65,29.13,0.99
187.0,38.12,56.18,4.28,29.55
160.0,45.96,68.97,14.37,45.24
137.0,48.43,56.1,6.58,74.92
128.0,66.48,61.7,6.28,55.55
193.0,42.18,68.93,20.27,5.17
177.0,53.02,74.64,50.1,21.8
184.0,40.32,52.38,5.37,61.61
177.0,70.39,56.71,4.78,72.71
173.0,72.96,67.75,15.85,11.92
116.0,69.63,57.28,4.45,40.99
122.0,56.53,46.62,2.18,51.86
189.0,53.47,62.97,11.35,17.8
175.0,51.1,56.89,10.96,29.61
172.0,52.09,46.2,5.22,85.24
170.0,47.39,53.9,7.82,68.86
169.0,50.2,62.21,8.72,45.99
140.0,69.64,81.1,10.37,101.61
128.0,68.54,87.74,10.44,85.49
187.0,65.82,89.76,21.07,25.05
195.0,37.98,50.98,34.74,24.49
184.0,35.59,53.56,29.64,18.8
187.0,41.17,62.29,29.86,22.46
177.0,33.21,47.9,20.81,38.8
114.0,33.07,43.29,16.54,12.61
123.0,22.06,46.33,5.94,17.05
168.0,25.16,42.89,8.98,18.17
178.0,26.17,52.22,10.63,17.49
168.0,27.31,57.79,23.92,10.74
183.0,30.37,40.22,14.47,3.11
148.0,35.04,60.52,18.98,7.61
122.0,48.44,60.36,4.85,43.86
124.0,37.58,35.11,5.08,20.86
210.0,30.55,37.09,11.94,17.86
190.0,27.89,34.31,10.29,22.17
174.0,30.91,39.31,25.39,28.65
198.0,28.23,36.5,24.36,22.3
166.0,27.77,30.94,10.85,20.61
140.0,31.14,54.74,20.26,15.86
109.0,29.72,39.08,12.55,22.3
182.0,38.81,57.89,17.33,12.67
171.0,55.87,70.28,15.45,40.05
147.0,82.55,57.94,5.9,83.67
178.0,38.27,52.9,4.92,60.67
173.0,26.45,54.18,7.6,15.3
136.0,30.19,61.62,6.72,34.05
108.0,61.82,64.65,9.57,115.74
182.0,46.93,85.45,21.91,33.51
148.0,51.06,89.17,25.53,50.17
199.0,53.72,75.15,20.68,51.49
204.0,75.81,90.04,34.92,26.36
174.0,99.7,113.21,46.65,52.55
114.0,82.46,80.63,37.68,64.61
120.0,30.32,39.99,17.9,24.11
192.0,30.3,43.6,30.78,22.67
180.0,34.99,45.27,19.1,13.92
170.0,36.33,53.37,19.79,16.86
169.0,44.97,42.38,18.6,24.55
162.0,41.94,35.92,11.91,27.3
141.0,43.8,30.06,17.47,10.11
94.0,37.04,22.92,9.37,22.11
141.0,34.97,26.16,11.51,24.92
179.0,39.97,51.98,24.68,23.99
152.0,77.75,95.01,72.11,16.17
165.0,76.96,90.6,44.6,49.67
156.0,30.84,63.88,8.25,12.17
138.0,28.67,62.9,22.45,12.17
100.0,17.72,42.33,3.38,44.99
177.0,20.42,46.72,4.74,11.17
185.0,37.29,56.54,4.52,61.3
204.0,43.95,55.42,5.98,55.42
187.0,48.93,50.99,5.61,50.51
159.0,41.39,59.23,28.32,31.49
141.0,29.03,51.21,21.87,19.55
127.0,27.55,52.46,19.69,7.86
189.0,31.49,54.18,22.79,24.92
187.0,30.2,53.69,31.2,13.8
177.0,32.58,48.99,30.15,24.55
173.0,42.67,55.21,37.72,3.61
134.0,40.49,54.11,39.22,16.49
120.0,31.69,47.86,18.18,14.24
108.0,23.66,36.62,9.31,21.17
115.0,28.97,37.48,25.62,5.86
128.0,31.49,45.03,17.1,1.74
125.0,21.63,36.63,12.03,6.05
175.0,23.9,46.63,22.06,32.42
170.0,32.51,42.44,16.29,7.05
134.0,36.81,39.91,25.4,6.8
122.0,33.15,43.46,22.76,6.36
202.0,37.27,35.83,23.49,7.86
193.0,35.7,39.76,19.73,5.99
207.0,32.01,42.39,28.5,11.8
193.0,28.78,44.37,33.29,9.61
163.0,31.15,43.5,35.56,9.99
121.0,23.55,30.02,14.87,14.55
132.0,19.09,22.6,1.93,20.11
191.0,18.92,26.4,4.03,18.17
169.0,18.29,26.71,2.73,20.55
180.0,16.45,30.25,3.18,32.42
189.0,18.09,36.58,9.79,10.24
189.0,24.65,40.38,14.99,6.92
116.0,28.92,40.63,8.58,1.55
129.0,19.55,28.76,3.77,13.17
193.0,23.54,29.58,5.1,15.55
184.0,33.37,38.38,9.43,28.42
171.0,34.69,51.88,39.17,18.24
182.0,48.75,73.18,44.61,16.67
182.0,59.95,79.72,34.8,11.92
121.0,66.29,73.66,31.79,51.61
126.0,33.51,44.11,23.38,31.55
198.0,32.23,45.48,30.39,20.13
172.0,38.13,41.51,12.95,16.11
179.0,33.98,33.69,6.89,21.61
166.0,30.2,29.1,4.19,20.99
155.0,20.15,24.75,3.35,16.55
105.0,14.21,15.29,2.25,25.59
133.0,25.23,28.46,13.53,33.67
211.0,31.79,31.61,32.5,15.3
182.0,37.83,45.48,36.69,14.17
163.0,34.27,39.85,23.09,18.49
158.0,40.37,46.55,21.78,10.92
148.0,34.79,48.85,32.33,6.3
138.0,46.27,46.79,18.96,7.42
122.0,35.97,42.51,13.15,15.49
173.0,38.56,38.66,19.16,1.3
164.0,36.93,45.41,21.23,2.74
176.0,27.83,45.73,20.81,5.92
185.0,35.92,49.18,13.58,13.05
163.0,43.21,58.26,24.48,19.05
111.0,89.66,101.92,43.69,26.86
103.0,61.85,82.57,24.98,48.05
144.0,73.84,70.37,24.89,86.3
164.0,143.04,125.79,79.26,123.74
191.0,81.44,67.56,19.09,77.99
188.0,22.77,33.93,4.88,28.17
162.0,26.75,35.41,3.11,23.86
148.0,33.69,38.42,6.58,25.86
123.0,23.57,41.01,5.21,19.05
164.0,23.0,38.48,5.75,24.17
181.0,19.68,34.18,5.19,28.86
178.0,28.25,37.32,5.29,29.05
186.0,53.71,74.67,22.59,81.17
152.0,102.57,103.54,61.33,123.74
114.0,84.8,73.71,49.27,45.8
95.0,20.75,30.08,10.14,21.8
160.0,23.37,33.86,21.27,17.51
154.0,25.75,44.37,19.53,13.67
167.0,38.73,61.46,48.03,7.61
160.0,91.18,91.12,83.57,32.11
172.0,88.91,90.41,51.66,73.17
106.0,70.86,72.86,23.95,64.3
119.0,18.36,46.11,7.89,5.67
166.0,28.29,53.36,35.05,8.55
189.0,27.88,50.97,34.1,12.74
181.0,37.29,62.16,32.21,19.4
163.0,51.73,92.38,41.23,27.36
144.0,47.79,77.26,41.8,27.61
128.0,50.68,79.42,36.66,25.92
106.0,55.22,63.85,13.53,64.49
152.0,72.75,85.52,28.24,28.07
145.0,66.69,65.61,13.21,39.36
105.0,54.0,50.02,5.37,66.61
192.0,58.99,69.23,13.43,37.74
152.0,58.13,59.62,8.24,45.86
126.0,71.26,59.07,5.86,63.8
109.0,18.32,46.88,3.53,24.92
171.0,39.57,57.43,8.84,32.67
179.0,54.43,53.43,7.37,59.86
160.0,52.47,52.61,5.77,89.67
175.0,49.41,65.45,13.4,55.42
154.0,42.72,55.49,8.82,31.99
119.0,52.22,54.19,7.54,48.17
126.0,28.12,43.8,4.17,19.86
169.0,23.33,65.4,6.1,1.9
159.0,24.01,65.54,5.85,5.05
103.0,32.17,55.76,4.56,48.74
130.0,31.52,56.35,4.95,56.99
179.0,35.54,52.14,4.81,34.74
125.0,41.32,56.71,14.73,17.92
135.0,42.52,61.73,14.87,51.17
193.0,39.96,56.38,6.91,51.05
155.0,54.23,66.3,8.5,40.49
183.0,57.14,58.49,5.58,34.24
166.0,82.48,73.17,8.13,76.74
107.0,75.72,69.22,15.09,44.61
139.0,88.16,81.75,18.08,49.42
129.0,56.08,58.5,5.17,59.36
206.0,60.44,70.84,7.64,56.61
162.0,68.27,84.2,13.08,50.92
168.0,56.32,73.97,14.89,30.49
168.0,55.22,71.0,12.24,55.05
163.0,47.62,59.82,5.63,41.92
132.0,42.1,64.19,6.9,40.49
122.0,61.58,67.46,10.51,70.05
170.0,106.29,101.49,40.69,91.11
180.0,154.16,114.34,82.81,68.92
160.0,124.84,103.09,53.7,84.55
163.0,100.49,83.51,27.85,55.3
152.0,62.89,63.25,7.94,57.99
126.0,69.61,59.41,6.19,70.8
110.0,65.66,52.35,6.29,65.24
186.0,54.15,53.47,7.61,45.99
183.0,59.16,57.24,8.88,19.99
156.0,54.84,67.08,8.42,59.11
145.0,69.69,73.9,12.29,64.55
141.0,79.53,71.24,15.63,67.11
136.0,89.99,76.67,17.28,77.3
116.0,63.58,68.34,8.86,70.05
191.0,66.49,78.13,12.19,66.49
183.0,71.69,71.51,11.44,58.71
157.0,89.11,78.84,14.92,71.67
147.0,92.22,88.63,15.21,78.36
160.0,64.22,82.66,9.07,74.92
134.0,53.85,70.92,7.09,67.34
123.0,51.08,58.21,4.52,68.8
214.0,50.93,67.02,6.39,58.82
191.0,46.74,68.93,6.88,41.92
189.0,53.68,86.73,13.08,30.67
188.0,59.79,105.87,42.62,31.3
158.0,57.37,97.19,33.61,50.67
136.0,36.42,59.31,10.55,24.55
134.0,35.88,45.21,7.25,15.92
196.0,52.19,52.08,6.33,37.76
177.0,59.67,72.43,10.45,42.92
178.0,61.44,69.61,8.04,48.05
162.0,64.13,78.6,9.78,32.42
162.0,76.41,100.27,26.03,29.42
132.0,112.69,124.9,67.05,21.3
105.0,64.43,59.56,7.11,21.8
220.0,47.94,55.37,5.98,28.42
212.0,30.53,42.35,25.23,23.17
196.0,32.79,44.42,32.2,13.92
154.0,24.58,38.31,6.13,28.3
161.0,43.82,50.28,6.17,25.92
132.0,56.83,62.41,20.61,8.8
126.0,40.99,51.83,5.71,25.67
189.0,60.44,62.13,13.8,27.67
161.0,32.96,43.37,4.35,14.42
179.0,52.19,53.79,7.91,32.42
202.0,49.32,62.54,10.38,32.42
164.0,45.57,64.55,6.34,24.8
130.0,43.03,70.34,7.36,33.05
137.0,37.12,53.34,5.03,28.42
189.0,50.6,45.17,6.15,50.17
183.0,57.5,57.67,11.05,41.3
180.0,66.11,58.42,11.06,48.92
166.0,71.1,67.53,12.76,28.17
195.0,92.49,72.46,16.81,12.55
160.0,84.27,89.07,21.42,6.92
162.0,71.94,82.27,9.89,42.05
220.0,51.88,78.49,9.1,41.8
242.0,68.98,86.42,17.53,18.3
242.0,139.75,151.5,90.06,32.42
182.0,90.02,85.87,17.99,62.17
211.0,81.73,77.78,15.31,12.8
145.0,75.88,81.16,15.17,12.05
153.0,65.13,44.01,1.05,43.92
210.0,25.32,42.66,3.14,3.17
211.0,27.93,50.63,6.27,22.05
170.0,37.87,56.77,10.39,11.3
146.0,47.25,53.08,6.9,61.36
161.0,72.9,72.39,13.49,23.42
168.0,44.72,63.2,9.27,39.99
208.0,40.78,57.72,5.42,56.8
321.0,60.17,87.21,18.3,18.05
298.0,91.77,112.44,51.66,8.11
322.0,42.1,56.77,4.96,49.67
