Hokkaido,Aomori,Iwate,Miyagi,Akita,Yamagata,Fukushima,Ibaraki,Tochigi,Gunma,Saitama,Chiba,Tokyo,Kanagawa,Niigata,Toyama,Ishikawa,Fukui,Yamanashi,Nagano,Gifu,Shizuoka,Aichi,Mie,Shiga,Kyoto,Osaka,Hyogo,Nara,Wakayama,Tottori,Shimane,Okayama,Hiroshima,Yamaguchi,Tokushima,Kagawa,Ehime,Kochi,Fukuoka,Saga,Nagasaki,Kumamoto,Oita,Miyazaki,Kagoshima,Okinawa
0,0,0,0,0,0,0,0,0,0,0,0,0,1,0,0,0,0,0,0,0,0,0,0,0,0,0,0,0,0,0,0,0,0,0,0,0,0,0,0,0,0,0,0,0,0,0
0,0,0,0,0,0,0,0,0,0,0,0,0,1,0,0,0,0,0,0,0,0,0,0,0,0,0,0,0,0,0,0,0,0,0,0,0,0,0,0,0,0,0,0,0,0,0
0,0,0,0,0,0,0,0,0,0,0,0,0,1,0,0,0,0,0,0,0,0,0,0,0,0,0,0,0,0,0,0,0,0,0,0,0,0,0,0,0,0,0,0,0,0,0
0,0,0,0,0,0,0,0,0,0,0,0,0,1,0,0,0,0,0,0,0,0,0,0,0,0,0,0,0,0,0,0,0,0,0,0,0,0,0,0,0,0,0,0,0,0,0
0,0,0,0,0,0,0,0,0,0,0,0,0,1,0,0,0,0,0,0,0,0,0,0,0,0,0,0,0,0,0,0,0,0,0,0,0,0,0,0,0,0,0,0,0,0,0
0,0,0,0,0,0,0,0,0,0,0,0,0,1,0,0,0,0,0,0,0,0,0,0,0,0,0,0,0,0,0,0,0,0,0,0,0,0,0,0,0,0,0,0,0,0,0
0,0,0,0,0,0,0,0,0,0,0,0,0,1,0,0,0,0,0,0,0,0,0,0,0,0,0,0,0,0,0,0,0,0,0,0,0,0,0,0,0,0,0,0,0,0,0
0,0,0,0,0,0,0,0,0,0,0,0,0,1,0,0,0,0,0,0,0,0,0,0,0,0,0,0,0,0,0,0,0,0,0,0,0,0,0,0,0,0,0,0,0,0,0
0,0,0,0,0,0,0,0,0,0,0,0,0,1,0,0,0,0,0,0,0,0,0,0,0,0,0,0,0,0,0,0,0,0,0,0,0,0,0,0,0,0,0,0,0,0,0
0,0,0,0,0,0,0,0,0,0,0,0,1,1,0,0,0,0,0,0,0,0,0,0,0,0,0,0,0,0,0,0,0,0,0,0,0,0,0,0,0,0,0,0,0,0,0
0,0,0,0,0,0,0,0,0,0,0,0,2,1,0,0,0,0,0,0,0,0,0,0,0,0,0,0,0,0,0,0,0,0,0,0,0,0,0,0,0,0,0,0,0,0,0
0,0,0,0,0,0,0,0,0,0,0,0,2,1,0,0,0,0,0,0,0,0,1,0,0,0,0,0,0,0,0,0,0,0,0,0,0,0,0,0,0,0,0,0,0,0,0
0,0,0,0,0,0,0,0,0,0,0,0,2,1,0,0,0,0,0,0,0,0,1,0,0,0,0,0,0,0,0,0,0,0,0,0,0,0,0,0,0,0,0,0,0,0,0
1,0,0,0,0,0,0,0,0,0,0,0,2,1,0,0,0,0,0,0,0,0,2,0,0,0,0,0,1,0,0,0,0,0,0,0,0,0,0,0,0,0,0,0,0,0,0
1,0,0,0,0,0,0,0,0,0,0,0,2,1,0,0,0,0,0,0,0,0,2,0,0,0,1,0,1,0,0,0,0,0,0,0,0,0,0,0,0,0,0,0,0,0,0
1,0,0,0,0,0,0,0,0,0,0,0,3,1,0,0,0,0,0,0,0,0,2,1,0,1,1,0,1,0,0,0,0,0,0,0,0,0,0,0,0,0,0,0,0,0,0
1,0,0,0,0,0,0,0,0,0,0,1,3,1,0,0,0,0,0,0,0,0,2,1,0,1,1,0,1,0,0,0,0,0,0,0,0,0,0,0,0,0,0,0,0,0,0
1,0,0,0,0,0,0,0,0,0,0,1,3,1,0,0,0,0,0,0,0,0,2,1,0,1,1,0,1,0,0,0,0,0,0,0,0,0,0,0,0,0,0,0,0,0,0
1,0,0,0,0,0,0,0,0,0,0,1,3,1,0,0,0,0,0,0,0,0,2,1,0,1,1,0,1,0,0,0,0,0,0,0,0,0,0,0,0,0,0,0,0,0,0
1,0,0,0,0,0,0,0,0,0,0,1,3,1,0,0,0,0,0,0,0,0,2,1,0,1,1,0,1,0,0,0,0,0,0,0,0,0,0,0,0,0,0,0,0,0,0
1,0,0,0,0,0,0,0,0,0,0,2,3,1,0,0,0,0,0,0,0,0,2,1,0,1,1,0,1,0,0,0,0,0,0,0,0,0,0,0,0,0,0,0,0,0,0
1,0,0,0,0,0,0,0,0,0,0,3,3,1,0,0,0,0,0,0,0,0,2,1,0,2,1,0,1,0,0,0,0,0,0,0,0,0,0,0,0,0,0,0,0,0,0
1,0,0,0,0,0,0,0,0,0,0,3,3,1,0,0,0,0,0,0,0,0,2,1,0,2,1,0,1,0,0,0,0,0,0,0,0,0,0,0,0,0,0,0,0,0,0
1,0,0,0,0,0,0,0,0,0,0,3,3,1,0,0,0,0,0,0,0,0,2,1,0,2,1,0,1,0,0,0,0,0,0,0,0,0,0,0,0,0,0,0,0,0,0
1,0,0,0,0,0,0,0,0,0,0,3,3,1,0,0,0,0,0,0,0,0,2,1,0,2,1,0,1,0,0,0,0,0,0,0,0,0,0,0,0,0,0,0,0,0,0
1,0,0,0,0,0,0,0,0,0,0,3,3,1,0,0,0,0,0,0,0,0,2,1,0,2,1,0,1,0,0,0,0,0,0,0,0,0,0,0,0,0,0,0,0,0,0
1,0,0,0,0,0,0,0,0,0,0,3,3,1,0,0,0,0,0,0,0,0,2,1,0,2,1,0,1,0,0,0,0,0,0,0,0,0,0,0,0,0,0,0,0,0,0
1,0,0,0,0,0,0,0,0,0,0,3,3,1,0,0,0,0,0,0,0,0,2,1,0,2,1,0,1,0,0,0,0,0,0,0,0,0,0,0,0,0,0,0,0,0,0
1,0,0,0,0,0,0,0,0,0,0,3,3,1,0,0,0,0,0,0,0,0,2,1,0,2,1,0,1,0,0,0,0,0,0,0,0,0,0,0,0,0,0,0,0,0,0
1,0,0,0,0,0,0,0,0,0,0,4,4,2,0,0,0,0,0,0,0,0,2,1,0,2,1,0,1,1,0,0,0,0,0,0,0,0,0,0,0,0,0,0,0,0,0
2,0,0,0,0,0,0,0,0,0,0,4,6,2,0,0,0,0,0,0,0,0,3,1,0,2,1,0,1,2,0,0,0,0,0,0,0,0,0,0,0,0,0,0,0,0,1
2,0,0,0,0,0,0,0,0,0,0,4,14,2,0,0,0,0,0,0,0,0,4,1,0,2,1,0,1,5,0,0,0,0,0,0,0,0,0,0,0,0,0,0,0,0,1
2,0,0,0,0,0,0,0,0,0,0,4,19,2,0,0,0,0,0,0,0,0,5,1,0,2,1,0,1,5,0,0,0,0,0,0,0,0,0,0,0,0,0,0,0,0,1
2,0,0,0,0,0,0,0,0,0,0,4,19,4,0,0,0,0,0,0,0,0,6,1,0,2,1,0,1,9,0,0,0,0,0,0,0,0,0,0,0,0,0,0,0,0,1
2,0,0,0,0,0,0,0,0,0,0,4,22,5,0,0,0,0,0,0,0,0,7,1,0,2,1,0,1,12,0,0,0,0,0,0,0,0,0,0,0,0,0,0,0,0,1
4,0,0,0,0,0,0,0,0,0,0,4,25,7,0,0,0,0,0,0,0,0,8,1,0,2,1,0,1,12,0,0,0,0,0,0,0,0,0,0,0,0,0,0,0,0,2
5,0,0,0,0,0,0,0,0,0,0,5,25,9,0,0,0,0,0,0,0,0,9,1,0,2,1,0,1,12,0,0,0,0,0,0,0,0,0,2,0,0,0,0,0,0,3
8,0,0,0,0,0,0,0,0,0,1,6,28,12,0,0,1,0,0,0,0,0,11,1,0,2,1,0,1,12,0,0,0,0,0,0,0,0,0,2,0,0,1,0,0,0,3
17,0,0,0,0,0,0,0,1,0,1,9,29,16,0,0,2,0,0,0,0,0,15,1,0,2,1,0,1,13,0,0,0,0,0,0,0,0,0,2,0,0,3,0,0,0,3
26,0,0,0,0,0,0,0,1,0,1,10,29,16,0,0,2,0,0,0,0,0,17,1,0,2,1,0,1,13,0,0,0,0,0,0,0,0,0,2,0,0,3,0,0,0,3
30,0,0,0,0,0,0,0,1,0,1,10,32,17,0,0,4,0,0,0,0,0,17,1,0,2,1,0,1,13,0,0,0,0,0,0,0,0,0,2,0,0,4,0,0,0,3
35,0,0,0,0,0,0,0,1,0,1,10,32,17,0,0,4,0,0,1,0,0,20,1,0,2,1,0,1,13,0,0,0,0,0,1,0,0,0,2,0,0,5,0,0,0,3
39,0,0,0,0,0,0,0,1,0,1,13,35,18,0,0,4,0,0,2,1,0,25,1,0,2,1,0,1,13,0,0,0,0,0,1,0,0,0,2,0,0,5,0,0,0,3
54,0,0,0,0,0,0,0,1,0,1,13,36,21,0,0,5,0,0,2,2,0,27,1,0,2,2,0,1,13,0,0,0,0,0,1,0,0,0,2,0,0,5,0,0,0,3
66,0,0,0,0,0,0,0,1,0,1,13,36,22,0,0,6,0,0,2,2,1,28,1,0,2,4,0,1,13,0,0,0,0,0,1,0,0,0,2,0,0,5,0,0,0,3
70,0,0,1,0,0,0,0,1,0,1,13,37,22,1,0,6,0,0,2,2,1,29,1,0,2,4,0,1,13,0,0,0,0,0,1,0,0,1,2,0,0,5,0,0,0,3
72,0,0,1,0,0,0,0,1,0,1,14,39,25,1,0,6,0,0,2,2,1,32,1,0,2,4,1,1,13,0,0,0,0,0,1,0,0,2,3,0,0,5,0,0,0,3
77,0,0,1,0,0,0,0,1,0,1,14,39,30,5,0,6,0,0,2,2,1,32,1,0,2,6,1,1,13,0,0,0,0,0,1,0,1,3,3,0,0,5,0,0,0,3
79,0,0,1,0,0,0,0,1,0,1,14,40,31,5,0,6,0,0,2,2,1,41,1,0,3,8,3,1,13,0,0,0,0,0,1,0,1,3,3,0,0,5,1,0,0,3
82,0,0,1,0,0,0,0,1,0,1,15,44,31,5,0,6,0,0,2,2,1,49,1,0,5,17,3,1,13,0,0,0,0,1,1,0,2,7,3,0,0,6,1,1,0,3
83,0,0,1,0,0,0,0,2,0,3,15,52,34,6,0,6,0,0,2,2,1,57,1,1,6,18,4,1,14,0,0,0,0,3,1,0,2,7,3,0,0,6,1,1,0,3
90,0,0,1,1,0,0,0,2,0,6,17,58,40,6,0,6,0,1,3,2,1,62,1,1,7,31,8,4,14,0,0,0,0,3,1,0,2,9,3,0,0,6,1,1,0,3
98,0,0,1,1,0,1,0,2,1,6,21,64,41,6,0,6,0,2,3,2,1,69,1,1,8,41,10,4,14,0,0,0,1,3,1,0,2,10,3,0,0,6,1,1,0,3
101,0,0,1,1,0,1,0,2,1,7,21,64,41,6,0,6,0,2,3,2,1,80,1,1,8,55,12,4,14,0,0,0,1,3,1,0,2,12,3,0,0,6,1,1,0,3
108,0,0,1,1,0,1,0,2,1,7,22,64,41,8,0,7,0,2,3,2,1,86,1,1,12,55,16,7,14,0,0,0,1,3,1,0,2,12,3,0,0,6,1,1,0,3
111,0,0,1,1,0,1,0,2,1,12,23,67,43,11,0,7,0,2,3,2,2,99,2,1,13,73,24,7,14,0,0,0,1,3,1,0,2,12,3,0,0,6,1,1,0,3
118,0,0,1,1,0,1,0,2,1,14,25,73,46,11,0,7,0,2,3,2,2,104,7,1,15,80,37,8,14,0,0,0,1,3,1,0,2,12,3,0,0,6,1,1,0,3
128,0,0,1,1,0,1,0,2,3,20,27,75,49,14,0,7,0,2,3,2,3,111,7,1,17,89,46,8,14,0,0,0,1,3,1,0,2,12,3,0,0,6,1,1,0,3
137,0,0,1,1,0,1,0,2,3,22,29,77,50,14,0,7,0,2,3,2,3,114,7,1,17,92,56,8,14,0,0,0,1,3,1,0,2,12,3,1,0,6,1,1,0,3
144,0,0,1,1,0,2,0,2,5,29,31,87,50,16,0,7,0,2,4,2,3,121,7,1,17,102,67,8,14,0,0,0,1,3,1,0,2,12,3,1,1,6,1,1,0,3
148,0,0,1,1,0,2,0,2,5,29,31,90,55,16,0,7,0,2,4,2,3,121,7,2,17,106,78,8,15,0,0,0,1,3,1,0,2,12,3,1,1,6,1,1,0,3
152,0,0,1,1,0,2,0,2,6,29,31,90,55,19,0,7,0,2,4,2,3,123,7,3,17,108,82,8,15,0,0,0,1,3,1,0,2,12,3,1,1,6,1,1,0,3
152,0,0,1,1,0,2,1,2,10,33,31,102,59,21,0,7,0,2,4,2,3,125,7,4,19,112,86,8,15,0,0,0,1,3,1,1,2,12,4,1,1,6,1,3,0,3
154,0,0,1,1,0,2,3,3,10,34,33,111,60,22,0,7,1,2,4,3,3,130,8,4,21,117,91,8,15,0,0,0,1,3,1,1,3,12,4,1,1,6,1,3,0,3
157,0,0,1,1,0,2,3,3,10,38,36,118,66,24,0,7,1,2,4,3,3,134,8,4,21,119,93,8,17,0,0,0,1,3,1,1,3,12,5,1,1,7,3,3,0,3
158,0,0,1,1,0,2,3,4,11,41,41,129,68,25,0,8,1,2,4,3,3,139,8,4,22,123,101,8,17,0,0,0,2,3,1,1,3,12,5,1,1,7,8,3,0,3
159,0,0,1,1,0,2,3,4,11,44,42,136,72,27,0,8,1,2,4,3,3,141,8,4,23,125,107,8,17,0,0,0,3,3,1,1,3,12,5,1,1,7,13,3,0,3
162,0,0,1,1,0,2,4,4,11,50,44,139,77,27,0,8,1,2,4,5,3,143,8,4,24,131,111,9,17,0,0,1,3,4,1,1,3,12,5,1,1,7,21,3,0,3
162,2,0,1,1,0,2,5,4,11,51,47,155,77,27,0,8,1,2,4,8,3,145,8,5,25,134,113,9,17,0,0,1,3,4,1,1,3,12,6,1,1,7,22,3,0,4
163,2,0,1,1,0,2,10,6,13,58,48,173,83,28,0,8,1,4,5,11,3,148,8,5,27,142,118,9,17,0,0,1,3,4,1,1,3,12,9,1,1,7,23,3,0,5
167,6,0,1,1,0,2,10,10,14,59,53,214,87,29,0,8,3,4,5,12,3,154,8,5,31,149,119,9,17,0,0,1,3,5,1,1,3,12,9,1,2,8,25,3,0,5
168,6,0,2,1,0,2,10,11,14,66,56,260,93,29,0,8,6,4,5,15,3,157,8,6,34,156,120,9,17,0,0,1,4,6,1,1,3,12,12,1,2,8,25,3,1,6
169,6,0,2,3,0,2,13,11,14,72,63,300,104,30,0,8,9,4,6,17,3,160,8,6,35,176,123,9,17,0,0,2,4,6,1,1,4,13,16,1,2,10,27,3,1,6
171,7,0,2,3,0,2,16,11,18,78,125,364,116,31,0,9,12,4,6,19,4,164,8,6,40,191,126,11,17,0,0,3,4,6,1,1,4,13,22,1,2,11,27,3,1,8
175,7,0,4,3,0,2,16,12,18,83,158,436,125,31,0,9,13,4,8,20,4,167,8,6,47,208,133,11,17,0,0,3,6,6,1,1,4,14,26,1,2,12,28,3,1,8
176,8,0,6,4,0,2,20,12,18,84,158,448,128,31,1,11,15,5,8,22,8,170,10,6,56,216,137,11,18,0,0,4,6,6,1,2,4,15,29,1,2,14,28,3,1,9
176,8,0,7,5,1,4,24,14,19,99,171,526,142,31,2,13,20,6,8,26,10,178,10,7,69,244,148,11,18,0,0,4,6,6,3,2,9,17,46,2,2,14,29,3,1,9
180,8,0,11,6,2,6,42,17,20,103,185,593,161,32,5,15,21,9,9,31,12,183,10,7,76,278,162,15,19,0,0,5,6,6,3,2,9,20,78,3,5,15,29,3,2,9
183,9,0,12,8,3,8,44,17,21,117,190,691,186,32,8,16,30,9,9,36,13,189,11,8,88,311,169,19,21,0,0,7,11,6,3,2,12,21,100,3,8,15,30,3,3,9
188,11,0,18,9,8,9,54,17,25,134,210,783,217,35,8,24,42,11,10,40,15,201,12,14,106,346,175,21,22,0,0,9,13,7,3,2,19,23,119,5,9,18,31,7,3,11
191,11,0,20,10,10,14,59,17,26,159,236,901,238,35,10,32,46,12,11,47,16,220,12,17,116,387,190,24,22,0,0,10,15,8,3,2,20,26,146,6,11,18,32,8,3,16
191,11,0,23,10,13,16,64,17,26,184,262,1042,265,35,10,43,53,14,12,58,16,227,12,18,125,408,203,25,24,0,0,11,15,12,3,2,21,33,162,8,12,19,32,10,3,16
191,11,0,26,10,19,16,71,17,26,198,280,1127,271,35,11,45,59,19,14,59,18,238,12,19,133,428,209,26,29,0,0,11,16,13,3,2,23,36,176,8,12,19,33,11,3,22
195,12,0,32,10,19,24,77,20,29,215,293,1214,289,37,13,55,65,22,14,69,21,259,12,24,145,481,229,28,31,0,0,12,19,16,3,2,23,38,199,11,12,21,35,12,3,33
205,12,0,34,10,22,29,77,26,29,249,327,1370,353,39,14,66,72,25,19,77,30,279,12,26,155,524,248,30,34,0,0,14,24,17,3,3,25,39,224,11,13,22,41,16,4,38
223,14,0,36,10,27,33,82,31,33,284,357,1553,381,41,21,73,77,27,21,86,32,300,14,33,165,616,287,34,37,0,1,15,25,17,3,3,26,49,250,12,13,23,41,16,4,41
236,17,0,38,12,32,36,91,32,44,337,390,1752,436,41,23,92,82,30,28,97,36,314,14,34,174,696,316,37,38,1,2,15,30,18,3,4,28,54,289,12,14,24,42,16,4,48
252,22,0,45,14,33,37,103,35,79,374,426,1950,512,42,30,104,86,33,28,106,38,324,16,38,181,766,358,39,38,1,6,15,56,19,3,4,30,54,332,13,14,25,42,17,4,56
264,22,0,51,14,38,38,109,35,90,414,470,2124,543,42,44,113,88,35,29,112,40,326,16,38,193,811,375,41,39,1,7,15,62,23,3,8,30,60,362,13,14,27,42,17,4,65
269,22,0,54,14,39,38,110,36,90,429,489,2224,558,42,49,121,92,36,36,119,45,335,16,40,205,835,384,44,39,1,8,15,65,24,3,19,37,60,373,13,14,28,43,17,4,72
287,22,0,64,15,43,39,116,37,96,451,505,2383,578,45,55,131,92,37,37,127,46,345,18,51,210,894,403,47,40,1,10,16,90,25,3,20,39,60,405,15,14,31,45,17,4,76
310,22,0,65,15,49,40,119,40,106,512,540,2510,618,46,61,140,100,40,39,130,47,356,19,52,215,968,423,53,42,1,13,16,113,28,3,20,40,62,435,15,15,33,50,17,4,86
332,22,0,78,15,54,49,123,42,112,563,598,2661,674,47,68,146,103,43,45,135,48,370,25,57,225,1020,454,54,43,1,14,17,118,29,3,22,41,62,461,15,16,33,54,17,4,94
364,22,0,79,15,58,52,131,44,114,589,633,2867,707,53,79,160,104,46,47,136,49,380,31,68,235,1075,481,56,44,1,15,18,124,30,3,24,41,63,478,16,17,35,54,17,6,101
402,22,0,83,15,60,60,135,44,120,626,667,3053,751,56,91,173,106,48,47,137,49,395,34,70,242,1163,502,59,45,3,15,18,130,30,3,25,44,64,502,16,17,37,54,17,7,110
429,22,0,83,15,61,62,139,46,122,663,685,3162,781,56,95,178,112,49,52,139,51,405,35,71,251,1211,513,61,45,3,16,19,132,30,3,26,45,68,518,17,17,40,54,17,8,115
446,22,0,84,15,64,64,143,49,124,675,707,3263,798,56,114,181,113,49,52,139,51,410,38,72,259,1295,524,64,45,3,16,19,137,30,3,28,46,69,520,17,17,41,55,17,10,121
468,22,0,84,15,64,64,146,51,131,685,728,3386,811,58,127,193,118,50,54,144,52,426,40,76,264,1349,543,72,47,3,16,19,139,31,5,28,47,69,541,17,17,42,60,17,10,125
490,22,0,84,15,65,65,151,52,134,724,748,3509,836,61,141,199,119,51,59,147,56,445,42,88,275,1380,560,73,49,3,16,19,142,31,5,28,47,70,562,19,17,43,60,17,10,130
535,22,0,84,15,65,65,153,52,138,757,772,3643,875,62,150,216,119,51,62,149,57,457,42,92,282,1415,580,74,50,3,16,19,144,31,5,28,47,71,574,28,17,44,60,17,10,132
557,22,0,84,15,66,66,157,52,140,775,790,3813,907,65,163,222,120,51,65,149,58,471,44,93,286,1446,605,74,52,3,16,21,144,31,5,28,47,71,586,36,17,45,60,17,10,133
596,22,0,85,15,66,68,160,52,140,797,798,3932,938,66,175,226,120,52,66,149,61,472,44,94,290,1475,620,74,57,3,17,21,146,31,5,28,47,72,600,37,17,45,60,17,10,134
610,22,0,85,15,66,69,161,54,141,816,806,4014,954,70,178,235,121,52,66,149,62,473,44,94,294,1491,629,74,58,3,22,22,148,31,5,28,47,73,611,37,17,46,60,17,10,137
645,23,0,86,15,66,69,161,54,146,824,813,4055,961,70,179,241,121,52,66,149,63,473,44,94,309,1521,630,76,59,3,22,22,149,32,5,28,47,73,620,37,17,46,60,17,10,137
683,26,0,88,15,67,70,162,54,146,831,821,4168,972,75,188,249,122,53,66,149,66,478,44,95,313,1553,637,78,60,3,23,22,154,32,5,28,47,73,624,38,17,46,60,17,10,141
721,26,0,88,15,68,72,163,54,146,846,825,4215,997,75,195,250,122,53,66,149,67,482,44,95,317,1597,643,80,60,3,23,22,155,32,5,28,47,74,637,41,17,46,60,17,10,141
762,26,0,88,15,68,73,163,54,146,858,834,4274,1023,75,200,251,122,53,66,149,71,483,44,95,320,1625,646,80,62,3,23,22,155,32,5,28,47,74,640,41,17,46,60,17,10,142
785,26,0,88,15,68,74,165,54,146,863,840,4439,1038,77,203,254,122,54,66,149,72,486,44,95,324,1639,651,83,62,3,23,22,159,33,5,28,47,74,643,42,17,46,60,17,10,142
818,26,0,88,15,68,75,165,54,146,884,846,4593,1074,77,209,260,122,55,70,150,72,486,44,95,329,1656,655,83,62,3,23,22,160,33,5,28,47,74,646,42,17,46,60,17,10,142
843,26,0,88,15,68,78,165,54,146,896,851,4686,1097,77,212,264,122,56,70,150,72,487,44,95,331,1666,667,84,62,3,24,22,161,34,5,28,48,74,646,44,17,46,60,17,10,142
874,26,0,88,15,69,78,167,54,146,901,856,4773,1107,77,213,267,122,56,72,150,72,490,44,97,334,1679,667,84,62,3,24,22,164,35,5,28,48,74,647,45,17,46,60,17,10,142
885,26,0,88,15,69,79,168,54,146,907,857,4830,1121,78,216,268,122,56,72,150,72,493,44,97,338,1686,673,85,62,3,24,22,164,36,5,28,48,74,648,45,17,46,60,17,10,142
907,26,0,88,15,69,80,168,54,147,916,859,4867,1128,78,216,271,122,56,73,150,72,493,44,97,341,1698,676,85,62,3,24,22,164,36,5,28,48,74,649,45,17,46,60,17,10,142
921,27,0,88,15,69,80,168,55,147,930,864,4890,1141,78,217,275,122,56,73,150,72,493,44,97,347,1706,679,85,62,3,24,22,164,36,5,28,48,74,650,45,17,46,60,17,10,142
927,27,0,88,15,69,81,168,56,147,941,867,4929,1148,81,218,275,122,56,74,150,72,493,44,97,348,1716,680,86,62,3,24,23,164,36,5,28,48,74,650,45,17,47,60,17,10,142
938,27,0,88,15,69,81,168,56,147,957,870,4965,1155,81,221,277,122,56,75,150,72,496,44,97,352,1732,688,87,62,3,24,23,164,36,5,28,48,74,652,45,17,47,60,17,10,142
947,27,0,88,15,69,81,168,56,147,962,870,4987,1168,81,221,278,122,56,75,150,72,496,44,97,352,1743,693,87,62,3,24,23,164,36,5,28,48,74,653,45,17,47,60,17,10,142
957,27,0,88,15,69,81,168,56,147,964,873,5002,1175,81,221,280,122,56,75,150,72,497,44,97,352,1744,694,87,62,3,24,24,164,36,5,28,48,74,653,45,17,47,60,17,10,142
970,27,0,88,15,69,81,168,57,147,965,876,5029,1190,81,222,283,122,57,75,150,72,498,44,97,356,1750,694,87,63,3,24,24,164,36,5,28,48,74,654,45,17,47,60,17,10,142
974,27,0,88,15,69,81,168,57,147,969,878,5039,1200,81,222,284,122,57,76,150,72,499,44,97,357,1762,697,87,63,3,24,24,164,36,5,28,51,74,654,45,17,47,60,17,10,142
980,27,0,88,15,69,81,168,58,147,973,878,5069,1232,81,224,284,122,57,76,150,72,500,44,97,358,1765,698,87,63,3,24,24,164,36,5,28,68,74,655,45,17,47,60,17,10,142
988,27,0,88,15,69,81,168,60,147,975,880,5078,1248,82,224,285,122,57,76,150,72,501,44,98,358,1768,698,87,63,3,24,24,164,36,5,28,70,74,655,45,17,47,60,17,10,142
995,27,0,88,15,69,81,168,60,147,980,888,5092,1260,82,225,286,122,57,76,150,72,503,44,99,358,1770,699,87,63,3,24,24,164,36,5,28,70,74,655,45,17,47,60,17,10,142
1002,27,0,88,15,69,81,168,60,147,984,888,5097,1265,82,225,287,122,57,76,150,72,503,44,99,358,1770,699,87,63,3,24,24,164,36,5,28,71,74,655,45,17,47,60,17,10,142
1003,27,0,88,15,69,81,168,61,147,987,890,5107,1273,82,227,287,122,58,76,150,72,503,44,99,358,1771,699,87,63,3,24,24,164,36,5,28,73,74,655,45,17,47,60,17,10,142
1006,27,0,88,15,69,81,168,62,148,987,890,5112,1281,82,227,290,122,60,76,150,72,503,44,99,358,1774,699,87,63,3,24,24,164,36,5,28,74,74,655,45,17,47,60,17,10,142
1007,27,0,88,15,69,81,168,64,148,992,891,5117,1302,82,227,290,122,60,76,150,72,503,44,99,358,1777,699,87,63,3,24,24,164,36,5,28,74,74,655,45,17,47,60,17,10,142
1012,27,0,88,15,69,81,168,64,148,993,894,5128,1312,82,227,292,122,60,76,150,73,503,44,99,358,1780,699,87,63,3,24,24,164,36,5,28,75,74,655,45,17,47,60,17,10,142
1017,27,0,88,15,69,81,168,64,149,994,894,5131,1319,82,227,294,122,60,76,150,73,503,44,99,358,1781,699,87,63,3,24,24,164,36,5,28,78,74,655,45,17,47,60,17,10,142
1025,27,0,88,15,69,81,168,64,149,995,894,5133,1324,82,227,295,122,60,76,150,73,504,44,100,358,1781,699,87,63,3,24,24,164,36,5,28,79,74,659,45,17,47,60,17,10,142
1040,27,0,88,15,69,81,168,64,149,995,894,5147,1329,82,227,295,122,60,76,150,74,504,44,100,358,1781,699,87,63,3,24,24,164,36,5,28,80,74,662,45,17,47,60,17,10,142
1043,27,0,88,15,69,81,168,65,149,995,894,5155,1330,82,227,295,122,60,76,150,74,504,44,100,358,1781,699,87,63,3,24,24,164,36,5,28,81,74,668,45,17,47,60,17,10,142
1052,27,0,88,15,69,81,168,65,149,995,894,5165,1333,82,227,296,122,60,76,150,74,504,44,100,358,1781,699,87,63,3,24,24,164,36,5,28,81,74,670,45,17,47,60,17,10,142
1057,27,0,88,15,69,81,168,65,149,995,895,5176,1338,82,227,296,122,60,76,150,74,504,44,100,358,1782,699,88,63,3,24,24,164,36,5,28,81,74,678,45,17,47,60,17,10,142
1063,27,0,88,15,69,81,168,65,149,997,896,5191,1345,82,227,297,122,63,76,150,74,504,44,100,358,1782,699,88,63,3,24,24,164,36,5,28,82,74,699,45,17,47,60,17,10,142
1066,27,0,88,15,69,81,168,65,149,999,896,5212,1356,82,227,298,122,63,76,150,74,504,44,100,358,1782,699,88,63,3,24,24,164,36,5,28,82,74,725,45,17,47,60,17,10,142
1070,27,0,88,15,69,81,168,65,149,999,897,5226,1359,82,227,298,122,63,76,150,74,505,44,100,358,1782,699,88,63,3,24,24,164,36,5,28,82,74,741,45,17,47,60,17,10,142
1074,27,0,88,15,69,81,168,65,149,999,898,5231,1365,82,227,298,122,63,76,150,74,505,44,100,358,1783,699,88,63,3,24,24,164,36,5,28,82,74,753,45,17,47,60,17,10,142
1079,27,0,88,15,69,81,168,65,149,999,898,5244,1366,82,227,298,122,63,76,151,74,505,44,100,358,1783,699,88,63,3,24,24,164,36,5,28,82,74,769,45,17,47,60,17,10,142
1082,27,0,88,15,69,81,168,66,149,999,899,5278,1369,82,227,298,122,64,76,151,74,506,44,100,358,1783,699,88,63,3,24,24,164,36,5,28,82,74,775,45,17,47,60,17,10,142
1085,27,0,88,15,69,81,168,66,149,1001,900,5290,1371,82,227,298,122,64,76,151,74,506,44,100,358,1783,699,88,63,3,24,24,164,36,5,28,82,74,781,45,17,47,60,17,10,142
1088,27,0,88,15,69,81,168,66,149,1001,900,5318,1377,82,227,298,122,64,76,151,74,506,44,100,358,1783,699,88,63,3,24,24,164,36,5,28,82,74,787,45,17,47,60,17,10,142
1092,27,0,88,15,69,81,168,66,151,1002,901,5338,1383,82,227,299,122,64,76,151,74,507,44,100,358,1783,699,88,63,3,24,24,164,36,5,28,82,74,792,45,17,47,60,17,10,142
1100,27,0,88,15,69,81,168,66,151,1003,901,5364,1388,82,227,299,122,65,76,151,74,507,44,100,359,1784,699,88,63,3,24,24,164,36,5,28,82,74,794,45,17,47,60,17,10,142
1104,27,0,88,15,69,81,168,66,151,1003,904,5378,1393,82,227,299,122,66,76,151,74,508,44,100,359,1785,699,88,63,3,24,24,164,36,5,28,82,74,797,45,17,47,60,17,10,142
1108,27,0,88,15,69,81,168,66,151,1003,904,5391,1393,82,227,299,122,66,76,152,74,508,44,100,359,1785,699,88,63,3,24,24,164,36,5,28,82,74,800,45,17,47,60,17,10,142
1115,27,0,88,15,69,81,168,66,151,1004,907,5403,1394,82,227,299,122,67,76,153,74,508,44,100,360,1785,699,88,63,3,24,24,164,36,5,28,82,74,803,45,17,47,60,17,10,142
1120,27,0,88,15,69,81,168,66,151,1010,909,5421,1394,82,227,299,122,67,76,153,75,510,44,100,360,1785,699,88,63,3,24,24,164,36,5,28,82,74,805,45,17,47,60,17,10,142
1127,27,0,88,15,69,81,168,66,151,1013,912,5443,1395,82,227,299,122,68,76,153,76,510,44,100,360,1786,699,88,63,3,24,24,164,36,5,28,82,74,807,45,17,47,60,17,10,142
1137,27,0,88,15,69,81,168,66,151,1015,915,5468,1398,82,227,299,122,69,76,153,76,512,44,100,360,1786,699,88,63,3,24,24,164,36,5,28,82,74,816,45,17,47,60,17,11,142
1146,27,0,88,15,69,81,168,66,151,1015,916,5492,1404,82,227,299,122,69,76,153,76,513,44,100,360,1786,699,88,63,3,24,24,164,36,5,28,82,74,817,45,17,47,60,17,11,142
1153,27,0,88,15,69,81,168,66,151,1017,916,5539,1404,82,227,299,122,70,76,153,76,513,44,100,360,1787,699,88,63,3,24,24,164,36,5,28,82,74,820,45,17,47,60,17,11,142
1159,27,0,88,15,69,81,168,66,151,1017,916,5587,1407,82,227,299,122,70,76,154,76,513,44,100,360,1787,699,88,63,3,24,24,164,36,5,28,82,74,821,45,17,47,60,17,11,142
1161,27,0,88,15,69,81,168,66,151,1018,916,5614,1409,82,227,299,122,71,76,154,77,514,44,100,363,1790,699,88,63,3,24,24,164,36,5,28,82,74,822,45,17,47,60,17,11,142
1167,27,0,88,15,69,81,168,66,151,1019,917,5630,1416,82,227,299,122,71,76,155,78,517,44,100,363,1794,699,88,63,3,24,24,164,36,5,28,82,74,825,45,17,47,60,17,11,142
1172,27,0,89,15,69,82,168,66,151,1021,919,5671,1422,83,227,299,122,71,76,155,78,517,44,101,363,1798,699,88,63,3,24,24,164,36,5,28,82,74,828,45,17,47,60,17,11,142
1175,27,0,89,15,69,82,168,66,151,1023,919,5706,1424,83,227,299,122,71,77,155,79,518,44,101,364,1800,700,88,63,3,24,24,164,36,5,28,82,74,832,45,17,47,60,17,11,142
1178,27,0,89,15,69,82,170,66,151,1027,921,5745,1429,83,227,299,122,71,77,156,79,519,44,101,365,1806,700,88,63,3,24,24,164,36,5,28,82,74,832,45,17,47,60,17,11,142
1180,27,0,89,15,69,82,170,66,151,1034,921,5779,1429,83,227,299,122,71,77,156,79,519,44,101,365,1809,702,88,63,3,24,24,164,36,5,28,82,74,832,45,17,47,60,17,11,142
1182,27,0,90,15,69,82,170,66,151,1038,923,5808,1429,83,227,300,122,71,77,156,79,519,44,101,365,1809,702,88,63,3,24,24,164,36,5,28,82,74,832,45,17,48,60,17,11,142
1183,27,0,90,15,69,82,170,66,151,1050,926,5839,1430,83,227,300,122,71,77,156,79,519,44,101,365,1809,703,88,64,3,24,24,164,36,5,28,82,74,835,45,17,48,60,17,11,142
1193,27,0,91,15,69,82,170,66,152,1059,930,5894,1434,83,227,300,122,71,77,156,79,519,44,101,365,1811,704,88,64,3,24,25,164,36,5,28,82,74,836,45,17,48,60,17,11,142
1199,27,0,91,15,69,82,170,66,152,1070,934,5942,1440,83,227,300,122,71,77,156,79,519,44,101,366,1812,704,88,64,3,24,25,164,36,5,28,82,74,837,45,17,48,60,17,11,142
1204,27,0,92,15,69,82,172,66,152,1086,938,5996,1447,83,227,300,122,73,77,156,79,519,44,101,370,1814,705,88,64,3,24,25,164,36,6,28,82,74,837,45,17,48,60,17,11,142
1205,27,0,92,15,69,82,172,69,152,1097,943,6053,1451,83,227,300,122,73,77,156,79,519,44,101,374,1816,705,88,64,3,24,25,164,36,6,28,82,74,838,45,17,48,60,17,11,142
1222,27,0,94,15,69,82,173,74,152,1105,946,6113,1461,83,227,300,122,73,77,156,79,519,44,101,375,1821,705,88,64,3,24,25,164,36,6,28,82,74,838,45,17,48,60,17,11,142
1233,27,0,94,15,69,82,174,76,152,1118,950,6171,1467,83,227,300,122,73,77,156,80,520,44,101,379,1828,705,88,64,3,24,25,164,36,6,28,82,74,839,45,17,48,60,17,11,142
1246,27,0,94,15,69,82,174,79,153,1128,957,6225,1498,83,227,300,122,73,77,156,80,521,44,101,381,1833,706,88,64,3,24,25,164,36,6,28,82,74,843,45,17,48,60,17,11,142
1250,27,0,95,15,69,82,174,82,153,1142,963,6292,1506,83,227,300,122,74,77,157,80,521,44,103,383,1843,708,88,64,3,24,25,165,36,6,28,82,74,847,45,17,48,60,17,12,142
1258,27,0,95,15,69,82,176,84,153,1161,974,6399,1517,83,228,300,122,74,77,160,80,521,44,103,386,1851,709,88,64,4,24,27,165,36,6,28,82,74,851,45,17,48,60,17,21,142
1258,27,0,97,15,69,82,182,86,154,1187,983,6523,1541,83,228,300,122,74,77,160,85,521,44,103,391,1862,709,88,64,4,24,27,165,36,6,28,82,74,855,45,18,48,60,17,51,142
1259,27,0,98,15,70,82,183,86,155,1214,998,6654,1561,84,228,300,122,74,77,160,85,521,44,103,400,1879,710,89,64,4,24,27,165,36,6,28,82,74,861,45,18,48,60,17,85,142
1260,27,0,98,15,70,82,183,87,155,1235,1005,6765,1582,84,228,300,122,74,77,160,85,521,44,103,401,1885,712,91,64,4,24,27,165,36,6,28,82,74,870,45,18,48,60,18,98,142
1260,27,0,98,15,71,82,186,87,155,1251,1014,6867,1593,84,228,300,122,74,77,160,85,523,44,103,404,1893,716,92,64,4,24,27,165,36,6,28,82,74,871,45,18,48,60,18,110,142
1261,27,0,98,15,71,82,187,88,155,1278,1025,6973,1601,84,229,300,122,74,77,160,87,523,44,103,413,1905,717,94,64,4,24,27,167,36,9,28,82,74,878,45,18,48,60,18,119,142
1265,27,0,99,15,71,82,188,90,155,1326,1034,7048,1624,85,229,300,122,74,77,160,88,525,44,104,415,1915,720,96,64,4,24,27,167,36,9,28,82,74,891,45,19,48,60,18,122,144
1266,28,0,100,15,71,82,189,90,155,1348,1056,7272,1649,85,230,300,122,74,77,162,90,525,44,104,420,1945,722,98,66,4,24,27,167,36,9,28,82,74,895,45,19,48,60,18,124,145
1272,29,0,100,15,71,83,196,93,155,1392,1068,7515,1681,85,230,300,122,75,77,162,91,525,45,104,430,1967,726,103,73,4,24,27,171,36,10,29,82,74,901,45,20,48,60,18,132,146
1273,30,0,104,15,71,83,196,93,155,1427,1081,7721,1716,86,230,300,122,75,77,162,91,527,46,104,439,1995,731,110,75,4,24,27,174,36,10,29,82,74,910,45,22,48,60,18,137,148
1277,30,0,106,15,71,83,199,95,155,1458,1112,7927,1739,86,230,300,123,75,78,162,93,527,48,106,447,2027,737,115,80,5,24,27,175,36,10,29,82,74,915,45,26,48,60,20,145,148
1279,30,0,108,15,73,83,202,98,157,1484,1129,8045,1755,86,230,300,124,75,79,162,93,529,48,106,456,2045,738,119,83,5,24,27,178,36,10,30,82,75,917,45,30,48,60,20,150,148
1287,30,0,110,15,73,84,204,103,157,1526,1154,8188,1783,86,230,300,124,75,79,165,95,534,48,106,468,2065,747,122,84,5,25,28,182,36,10,31,82,75,921,45,31,48,60,20,155,148
1300,30,0,112,15,74,84,209,107,161,1564,1183,8353,1824,88,230,300,125,75,80,166,96,550,50,107,477,2126,759,127,84,5,25,29,192,36,10,32,82,75,930,45,32,48,60,20,158,148
1306,31,0,126,15,75,84,211,112,164,1613,1215,8639,1872,88,230,300,125,76,81,168,98,571,52,108,490,2192,776,134,84,5,25,31,194,37,10,42,82,76,946,45,32,49,60,20,162,149
1309,31,0,129,15,75,84,215,118,166,1664,1235,8932,1915,88,230,301,126,76,83,172,101,590,53,109,502,2245,801,139,87,5,25,33,201,40,10,43,82,76,965,45,33,49,60,20,163,149
1322,31,0,132,15,75,84,220,124,167,1713,1267,9222,1964,89,231,303,126,76,84,173,103,615,54,109,527,2331,813,147,89,5,25,36,203,41,10,44,82,76,989,45,39,49,60,20,164,149
1331,31,0,132,15,75,84,225,133,167,1750,1291,9410,1994,89,231,303,126,77,84,177,107,636,55,110,539,2420,834,150,89,5,25,40,205,41,10,44,82,76,1021,45,40,49,60,20,165,151
1334,31,0,136,15,75,84,226,136,167,1778,1309,9578,2005,89,231,303,126,78,86,180,108,657,56,111,566,2469,841,153,93,5,25,42,209,41,10,44,83,76,1053,46,44,50,60,20,170,153
1344,31,0,136,15,75,84,230,139,169,1825,1324,9815,2035,89,233,306,126,79,86,194,113,710,56,117,586,2541,853,160,96,5,25,43,216,41,10,44,83,76,1106,47,47,51,60,20,172,155
1350,31,0,138,15,75,85,235,142,174,1887,1364,10053,2103,91,234,306,126,79,86,200,118,774,57,128,605,2662,883,168,100,5,26,43,222,42,10,45,83,77,1167,53,50,53,60,23,174,157
1354,31,0,140,15,75,86,237,147,177,1951,1397,10419,2156,91,235,307,127,84,86,208,123,871,59,145,624,2766,918,181,109,5,26,44,238,46,10,45,83,77,1233,55,50,56,60,27,189,162
1360,31,0,140,15,75,86,239,151,177,1996,1423,10679,2181,91,235,310,127,85,87,216,130,935,61,151,640,2915,941,192,112,5,28,48,245,46,10,45,84,78,1285,61,51,57,60,30,203,172
1368,31,0,142,16,75,86,239,159,179,2031,1444,10974,2199,91,235,310,127,85,88,220,160,1013,63,152,644,3047,965,196,116,6,28,58,252,46,12,45,84,78,1334,64,51,59,60,55,211,186
1373,31,0,142,17,75,86,242,163,179,2064,1466,11213,2232,93,235,313,129,85,92,231,185,1096,68,153,657,3188,1014,202,122,6,28,60,256,48,12,45,85,79,1424,65,52,80,60,63,216,192
1377,31,0,147,17,75,86,244,167,179,2087,1490,11344,2246,93,236,313,129,87,92,240,199,1175,72,155,677,3274,1026,206,130,6,29,63,262,49,16,45,87,79,1473,65,54,113,60,74,219,210
1380,31,0,149,17,75,86,259,169,182,2142,1513,11610,2279,96,236,314,129,89,98,265,217,1289,78,157,708,3429,1059,212,134,8,29,65,281,50,16,46,89,80,1527,67,59,135,62,94,229,231
1385,31,2,153,17,75,87,268,185,183,2195,1562,11860,2349,98,236,316,135,89,102,295,233,1462,88,163,749,3650,1105,218,140,10,29,70,298,52,23,46,89,80,1628,70,61,156,62,106,232,275
1394,31,3,158,17,75,87,280,191,187,2252,1611,12227,2425,102,238,320,137,93,103,312,249,1629,89,168,758,3840,1158,225,142,11,29,75,306,52,24,46,89,80,1749,73,66,172,64,121,236,324
1409,32,4,160,17,76,89,294,195,190,2309,1646,12689,2478,110,238,321,139,96,105,331,272,1828,99,171,787,4056,1220,234,150,15,29,78,325,52,25,46,89,80,1918,80,74,190,66,141,252,395
1427,32,4,165,17,76,89,308,195,191,2383,1719,13161,2536,113,243,322,139,100,111,344,288,2009,110,179,809,4251,1252,253,163,16,29,85,342,57,26,46,92,80,2039,88,89,216,68,157,256,453
1436,32,4,168,17,76,89,322,199,192,2457,1770,13453,2608,115,244,323,140,102,117,351,306,2169,122,184,826,4445,1312,261,167,18,29,87,352,57,28,46,95,81,2184,93,112,236,68,187,256,516
1459,32,4,174,17,76,89,327,202,194,2506,1813,13711,2656,118,248,323,142,106,119,362,308,2300,142,202,855,4526,1339,269,169,18,29,90,361,57,30,46,99,82,2259,102,117,242,70,195,256,553
1470,32,4,176,17,76,89,334,207,197,2555,1860,14020,2745,119,254,324,145,108,122,379,324,2428,153,207,876,4719,1371,274,170,19,29,93,371,58,32,48,100,82,2346,109,135,279,73,207,262,636
1484,32,5,177,17,76,91,344,224,202,2619,1910,14283,2826,119,261,324,149,113,125,400,333,2576,177,236,903,4915,1423,283,173,19,29,100,382,59,43,53,100,82,2468,119,140,321,74,215,266,710
1495,32,6,180,17,76,93,356,230,208,2684,1986,14643,2945,121,266,330,152,123,126,420,342,2718,187,242,923,5140,1484,290,173,21,29,102,389,63,54,57,100,82,2604,131,145,331,76,228,273,782
1509,32,7,181,31,76,95,368,238,214,2734,2051,15104,3052,125,271,331,153,126,127,435,344,2877,210,273,942,5395,1533,299,173,21,29,106,392,63,55,58,100,83,2743,138,149,340,78,235,275,882
1522,32,7,182,33,76,96,380,243,221,2818,2104,15533,3180,127,282,342,153,128,127,450,355,3057,227,283,963,5573,1588,315,174,21,31,109,398,69,57,59,101,83,2893,143,159,350,80,248,277,966
1532,32,7,182,34,76,96,397,246,226,2874,2150,15864,3261,127,285,364,154,129,131,465,363,3187,236,291,983,5768,1636,327,179,21,123,110,403,75,58,60,102,83,3001,152,166,353,87,254,277,1122
1545,32,7,182,34,76,98,403,249,234,2916,2191,16061,3298,127,290,376,154,131,132,472,369,3288,247,298,991,5891,1662,333,182,21,126,112,410,77,60,60,107,83,3073,155,167,356,92,262,277,1173
1559,32,7,182,34,76,98,406,252,238,2952,2209,16249,3325,127,293,390,154,131,134,475,376,3355,250,302,1001,5992,1692,335,184,21,130,114,418,77,61,60,107,83,3127,160,170,360,93,264,277,1237
1563,32,7,184,35,76,100,416,261,245,2997,2243,16471,3391,128,296,399,154,134,139,484,386,3441,260,311,1026,6176,1728,337,186,21,132,116,421,77,62,60,107,83,3203,172,171,370,93,269,277,1302
1573,32,8,184,36,76,101,431,265,254,3053,2289,16677,3514,128,301,412,154,135,140,492,389,3551,266,317,1061,6353,1776,346,189,21,132,118,426,80,70,61,108,83,3345,173,173,379,93,274,277,1397
1585,33,8,184,37,76,102,443,269,270,3109,2340,17066,3631,128,303,425,154,138,145,500,402,3639,273,324,1091,6545,1809,359,190,21,132,122,428,80,81,62,109,83,3470,178,178,391,94,277,281,1502
1599,33,8,184,39,76,105,450,269,279,3161,2400,17451,3767,128,307,438,154,139,148,511,409,3711,278,331,1113,6696,1862,364,194,21,132,124,429,80,86,63,110,97,3545,188,184,402,97,282,296,1549
1607,33,9,184,40,76,105,452,276,298,3217,2448,17711,3846,128,308,456,155,139,148,512,416,3794,281,337,1119,6843,1899,388,196,21,132,125,431,81,90,65,110,102,3618,193,185,406,103,288,323,1608
1612,33,9,185,41,76,106,456,277,307,3252,2480,17872,3897,129,314,475,155,141,149,516,417,3837,282,346,1138,6914,1923,397,198,21,133,125,431,81,91,67,110,103,3668,196,185,411,113,294,328,1646
1618,33,9,186,42,76,109,463,282,322,3276,2517,18079,3981,132,323,486,155,148,150,520,422,3894,285,354,1164,7099,1948,434,209,21,133,127,431,82,95,68,110,103,3713,197,189,416,120,315,335,1679
1626,33,9,187,42,76,113,476,284,337,3338,2563,18265,4076,135,329,505,155,158,152,523,427,3951,299,361,1202,7286,1997,444,215,22,134,128,433,87,96,68,111,105,3815,201,189,426,130,318,337,1748
1651,33,11,189,43,77,120,479,286,351,3409,2627,18604,4180,137,334,524,156,161,154,532,429,4033,314,366,1243,7418,2031,455,219,22,134,130,438,98,97,71,111,105,3885,205,191,441,134,324,340,1790
1661,33,11,191,43,77,122,490,288,361,3459,2681,18862,4262,137,336,532,157,162,163,533,429,4123,327,373,1281,7584,2070,468,223,22,134,132,441,98,104,71,112,106,3972,212,192,454,137,330,340,1820
1677,33,11,191,43,77,124,498,288,374,3525,2724,19118,4363,138,339,550,161,163,169,538,435,4193,333,384,1306,7718,2103,477,225,22,134,134,443,105,104,71,113,107,4040,216,198,465,138,338,341,1851
1691,33,12,192,43,77,125,503,289,380,3556,2760,19330,4412,139,341,566,163,166,172,539,440,4243,338,391,1319,7839,2127,485,225,22,135,137,444,109,106,71,114,109,4102,220,201,470,138,342,342,1876
1699,33,12,192,43,77,128,507,289,384,3586,2787,19425,4451,139,342,573,164,167,183,543,445,4286,349,401,1326,7899,2135,487,227,22,136,140,445,112,109,74,114,109,4153,222,204,474,140,346,346,1898
1706,33,13,192,44,77,134,512,289,392,3621,2820,19607,4507,139,350,585,171,168,185,548,453,4329,349,415,1343,8018,2158,492,227,22,137,141,446,118,111,74,114,109,4206,223,208,479,140,351,348,1929
1713,33,19,192,46,77,139,524,294,408,3675,2863,19843,4592,139,360,592,177,171,194,549,459,4379,350,423,1374,8137,2186,496,228,22,137,141,446,133,120,75,114,118,4265,225,212,484,143,351,349,1963
1723,35,19,193,46,77,146,532,295,426,3744,2908,20093,4658,140,368,605,190,171,200,551,471,4418,355,428,1401,8231,2208,500,228,22,137,142,447,139,124,75,114,118,4329,227,219,490,144,352,351,1997
1739,35,19,198,46,77,151,538,302,432,3800,2947,20319,4733,141,374,613,206,171,219,551,477,4468,360,436,1422,8337,2234,502,228,22,137,144,449,149,127,78,114,119,4395,233,224,497,144,354,356,2039
1747,35,19,203,46,77,157,542,303,434,3855,2980,20566,4839,142,382,620,211,171,237,555,479,4513,360,441,1439,8427,2254,504,230,22,137,144,450,156,128,78,114,124,4471,235,229,508,144,356,359,2070
1751,35,19,204,46,78,158,544,303,437,3897,3019,20714,4903,142,385,624,222,172,249,555,479,4549,363,444,1448,8489,2267,509,230,22,137,144,450,162,128,78,114,125,4551,235,230,510,145,357,361,2103
1759,35,19,207,46,78,161,545,303,440,3922,3036,20814,4953,142,388,626,228,172,256,555,479,4591,375,450,1452,8542,2275,512,230,22,137,144,450,166,130,78,114,125,4581,235,231,519,145,358,362,2126
1775,35,22,210,46,78,167,549,306,445,3968,3053,20984,5012,143,394,653,232,172,261,558,481,4615,375,452,1474,8656,2296,517,230,22,137,144,450,168,133,79,114,128,4619,235,232,523,147,359,363,2126
1781,35,22,214,46,78,168,555,307,451,4008,3077,21125,5088,144,397,666,236,172,268,562,483,4642,377,454,1493,8752,2303,518,231,22,137,144,451,173,137,83,114,129,4668,237,232,527,150,359,363,2140
1787,35,22,226,47,78,172,559,308,463,4050,3110,21336,5168,144,400,677,238,173,280,563,484,4660,381,458,1512,8826,2316,520,231,22,137,145,451,176,141,85,114,130,4704,237,234,533,151,359,368,2159
1792,35,23,231,47,78,173,567,309,471,4074,3145,21472,5276,144,401,681,241,173,284,564,486,4693,392,459,1536,8900,2329,525,231,22,137,145,451,176,145,85,114,130,4737,237,234,536,153,359,370,2186
1802,35,23,239,47,78,175,573,309,474,4096,3173,21653,5343,144,402,697,243,174,286,564,493,4727,417,462,1561,8976,2338,528,232,22,137,145,451,179,145,85,114,131,4764,238,234,542,157,360,371,2206
1806,35,23,242,47,78,178,583,310,482,4117,3196,21769,5422,144,402,704,243,175,287,564,493,4754,417,462,1575,9043,2354,532,233,22,137,145,451,182,145,85,114,132,4799,238,234,544,157,360,371,2206
1812,35,23,249,47,78,179,583,314,491,4131,3210,21845,5451,144,403,708,243,176,290,564,493,4775,428,464,1583,9088,2360,532,234,22,137,145,452,182,145,86,114,132,4816,239,234,546,157,360,371,2224
1823,35,23,256,47,78,184,588,316,496,4143,3242,22015,5514,145,406,712,244,176,292,566,493,4786,436,465,1594,9169,2378,533,235,22,137,145,456,182,146,87,114,134,4827,240,234,549,157,360,371,2233
1827,35,23,267,47,78,186,589,319,501,4168,3265,22164,5620,146,407,718,244,176,293,568,498,4807,438,466,1600,9232,2400,534,235,22,137,145,456,187,146,87,114,134,4853,240,234,552,158,360,372,2241
1838,35,23,275,47,78,191,593,323,505,4198,3293,22440,5732,146,408,722,244,176,295,569,502,4843,443,467,1607,9324,2421,536,235,22,137,145,456,191,146,88,114,134,4877,241,234,556,158,360,372,2257
1844,35,23,290,47,78,200,606,328,517,4223,3324,22627,5814,146,408,724,244,176,296,574,503,4891,448,468,1609,9444,2435,537,236,23,137,145,456,192,146,88,114,137,4902,242,234,563,158,361,372,2267
1851,35,23,302,47,78,204,609,338,541,4259,3369,22853,5882,147,408,730,244,176,296,580,503,4920,450,471,1616,9527,2455,538,236,31,137,145,458,192,147,90,114,137,4916,242,235,567,158,363,372,2278
1854,35,23,310,47,78,208,612,338,547,4281,3389,22999,5935,148,408,730,244,176,296,592,503,4953,453,471,1624,9604,2470,538,236,32,137,145,460,192,147,90,114,137,4925,242,235,568,158,363,372,2288
1862,35,23,313,48,78,211,614,359,553,4297,3400,23079,5950,148,408,731,244,176,296,594,503,4976,456,471,1628,9636,2478,539,236,33,137,146,464,192,147,93,114,137,4932,242,236,568,158,364,372,2291
1870,35,23,331,48,78,214,616,368,567,4316,3430,23270,6002,150,408,736,244,176,297,596,505,4997,457,472,1641,9725,2501,543,236,33,137,146,466,192,147,93,114,137,4943,242,236,569,158,365,373,2295
1881,35,23,337,48,78,217,618,369,591,4345,3467,23433,6103,152,408,736,244,177,299,596,510,5019,459,474,1650,9803,2521,543,236,34,137,146,466,192,147,93,114,137,4954,242,236,569,158,365,376,2303
1888,35,23,346,48,78,218,621,375,602,4365,3501,23604,6168,157,409,742,244,177,299,596,513,5055,460,475,1659,9860,2537,544,236,34,137,146,466,193,147,94,114,137,4963,242,236,569,158,365,376,2308
1905,35,23,351,48,78,218,622,376,629,4389,3541,23824,6246,160,410,744,244,177,299,596,516,5095,462,476,1664,9920,2549,544,236,35,137,147,467,193,147,94,114,137,4971,242,236,570,158,365,376,2320
1922,35,23,365,49,78,218,623,385,644,4412,3587,24042,6314,161,410,750,244,177,301,597,518,5126,463,477,1672,10001,2570,545,236,35,137,147,467,193,147,94,114,137,4980,242,236,570,158,365,377,2332
1938,35,23,367,50,78,221,624,387,663,4428,3622,24204,6374,164,410,754,244,177,301,597,521,5159,464,478,1690,10060,2575,547,236,35,137,147,468,193,147,94,114,137,4987,242,236,570,158,365,377,2347
1953,35,23,369,50,78,225,627,400,670,4443,3636,24301,6394,164,410,756,244,177,303,599,521,5178,468,479,1695,10099,2602,548,236,35,137,147,471,193,147,94,114,137,4988,242,236,570,158,365,378,2354
1962,35,23,372,50,78,226,629,401,683,4457,3654,24389,6432,164,410,760,244,177,303,600,521,5187,473,479,1702,10166,2615,549,237,35,137,147,479,193,147,94,114,137,4990,242,236,570,158,365,389,2360
1974,35,23,375,50,78,228,630,407,684,4469,3674,24448,6443,164,410,761,244,177,303,603,521,5201,476,481,1705,10205,2616,551,238,35,137,147,484,193,147,94,114,137,4991,242,236,570,158,365,389,2373
1985,35,23,383,50,78,232,631,410,688,4490,3700,24641,6501,167,410,763,244,177,303,606,521,5235,477,483,1710,10271,2624,551,238,35,139,148,487,193,147,94,114,137,4996,242,236,571,158,365,393,2379
2010,35,23,385,50,78,242,632,425,696,4517,3731,24836,6579,167,411,771,244,178,303,611,525,5273,482,486,1715,10333,2636,553,238,35,140,149,497,193,147,94,114,137,5001,242,236,571,158,365,400,2385
2017,35,23,389,50,78,242,637,426,698,4540,3769,25105,6669,169,412,773,244,178,303,616,529,5297,487,490,1726,10399,2658,555,238,35,140,151,508,194,147,94,114,137,5007,243,236,571,158,365,405,2405
2036,35,23,392,50,78,247,638,426,699,4575,3790,25249,6734,169,412,776,244,179,305,616,531,5346,488,495,1731,10447,2674,555,240,35,140,152,524,196,147,94,114,138,5011,243,236,571,158,365,411,2425
2053,36,23,397,50,78,251,649,426,699,4595,3806,25327,6751,169,413,776,244,179,305,622,531,5365,495,495,1739,10483,2684,560,240,35,140,153,540,196,147,94,114,138,5012,243,236,571,158,365,412,2439
2069,36,23,399,50,78,251,652,427,699,4620,3846,25538,6809,169,417,776,244,182,305,623,533,5393,496,501,1747,10534,2702,561,241,35,140,153,554,198,147,94,114,138,5016,243,236,573,158,365,415,2458
2085,36,23,406,50,78,253,657,430,701,4648,3880,25732,6888,169,419,776,244,186,309,626,540,5419,502,502,1762,10593,2717,562,242,35,140,156,569,199,148,94,114,138,5024,243,236,574,158,365,417,2483
2104,36,23,413,50,78,253,659,431,706,4681,3918,25966,6966,169,421,777,244,189,310,627,547,5440,516,503,1767,10669,2738,567,242,35,140,156,572,199,148,94,114,138,5027,243,238,577,158,365,422,2512
2119,37,23,418,50,78,263,668,432,719,4711,3952,26162,7032,169,422,777,244,189,311,627,550,5459,518,503,1776,10719,2767,568,242,35,140,156,580,199,148,94,114,138,5031,243,238,579,158,365,424,2537
2137,37,24,425,50,78,263,671,434,725,4761,3994,26367,7091,169,422,777,244,190,312,629,556,5475,520,503,1783,10770,2782,573,242,35,140,157,594,199,148,94,114,138,5038,244,238,587,158,365,425,2566
2159,37,24,428,55,78,267,676,436,728,4796,4031,26474,7128,169,422,777,244,190,313,630,557,5493,523,505,1787,10809,2797,574,242,35,140,157,595,199,149,94,115,138,5041,244,238,606,158,365,428,2586
2195,37,24,433,55,78,269,677,437,728,4816,4053,26539,7139,169,422,778,244,191,313,630,557,5505,523,506,1791,10840,2804,574,242,35,140,160,596,199,149,94,115,138,5041,244,238,625,158,365,434,2605
2207,37,24,441,55,78,272,681,441,733,4836,4094,26715,7204,169,422,778,246,192,313,631,557,5519,527,507,1796,10899,2822,574,242,35,140,160,601,202,149,94,115,138,5045,244,238,638,158,365,439,2627
2245,37,24,453,55,78,279,693,442,735,4875,4138,26855,7258,170,422,778,247,192,316,631,563,5534,527,508,1800,10950,2838,576,242,35,140,160,605,204,149,94,115,138,5053,246,238,641,158,365,444,2653
2274,37,24,461,55,79,287,698,442,741,4919,4177,27103,7323,175,422,778,248,192,317,631,564,5549,527,510,1809,10999,2867,580,243,35,140,161,609,205,149,94,115,138,5060,246,239,651,158,365,447,2677
2301,37,24,474,55,81,295,700,442,747,4947,4216,27306,7400,175,422,780,249,192,318,632,564,5560,527,511,1824,11057,2881,588,249,35,140,162,614,206,149,94,115,138,5071,246,241,672,158,365,447,2705
2325,37,24,484,55,81,302,706,444,755,5047,4251,27554,7463,176,422,780,249,192,320,633,565,5581,529,514,1844,11109,2893,588,249,35,140,162,617,207,149,95,115,138,5084,246,241,681,158,365,449,2724
2356,37,24,486,56,81,314,709,444,759,5077,4294,27700,7500,178,422,780,249,193,320,634,565,5595,530,514,1851,11154,2905,592,249,35,140,162,621,207,149,97,115,139,5087,246,241,689,158,365,455,2735
2368,39,24,491,56,81,317,710,444,761,5095,4305,27778,7529,178,422,780,249,193,320,635,566,5613,534,515,1863,11180,2913,593,249,35,140,162,633,207,149,97,115,139,5088,246,241,701,158,365,456,2749
2388,39,25,499,56,81,319,710,444,763,5126,4329,27944,7583,178,422,782,249,195,320,636,566,5637,534,518,1892,11249,2926,596,252,35,140,163,634,207,149,97,115,139,5093,247,241,713,158,365,456,2763
2408,41,25,504,56,81,324,715,452,763,5173,4360,28121,7671,178,422,786,249,195,320,638,567,5652,536,519,1898,11310,2945,598,252,35,140,167,635,207,149,97,115,139,5105,247,241,719,158,366,459,2783
2438,57,26,508,56,81,332,719,453,764,5230,4414,28405,7750,179,422,787,250,195,320,640,571,5671,536,520,1907,11361,2959,600,254,35,140,167,638,207,149,98,115,140,5110,247,241,725,158,366,462,2822
2469,83,26,522,56,81,347,723,458,766,5282,4457,28588,7835,179,422,788,254,195,323,642,574,5692,538,520,1914,11414,2977,603,254,35,140,169,639,207,149,99,116,140,5118,248,241,734,159,366,463,2852
2496,100,26,524,56,81,359,725,463,769,5327,4489,28823,7885,179,422,793,254,195,326,642,577,5720,541,522,1922,11464,2994,606,255,35,140,171,641,207,158,100,116,140,5121,250,242,739,159,366,463,2885
2520,104,26,526,56,81,362,728,465,774,5367,4514,28955,7934,179,422,795,256,195,326,642,577,5741,541,524,1928,11514,3007,606,255,35,140,172,642,207,158,100,116,140,5124,250,242,743,159,366,463,2914
2537,122,26,529,56,81,369,728,466,785,5389,4532,29033,7957,179,422,795,256,195,326,644,579,5756,542,527,1931,11555,3012,606,255,35,140,172,643,207,159,100,116,140,5128,250,242,745,159,366,463,2949
2568,134,26,538,57,81,369,730,471,797,5422,4572,29172,8004,179,422,795,256,195,326,647,579,5769,543,530,1934,11620,3025,608,259,35,140,173,643,207,162,100,116,140,5135,250,242,749,159,366,463,2970
2590,143,26,544,58,82,374,731,473,806,5472,4621,29317,8092,179,422,795,256,198,327,651,582,5805,543,531,1945,11702,3039,610,260,35,140,184,644,208,163,101,116,140,5142,251,242,753,159,366,463,3006
2630,149,26,545,58,84,378,735,473,820,5517,4664,29502,8147,179,422,795,256,198,329,660,584,5824,546,533,1958,11780,3056,613,266,35,140,187,644,209,164,102,116,140,5151,251,242,758,159,366,463,3044
2681,158,27,565,58,84,379,737,476,839,5557,4718,29688,8237,179,422,797,256,199,330,668,587,5867,547,535,1966,11880,3077,616,268,35,140,193,646,211,164,102,116,140,5156,251,243,766,159,366,463,3089
2741,175,27,572,58,84,385,739,476,858,5598,4759,29889,8297,180,422,797,256,199,331,671,591,5909,547,537,1971,11976,3125,617,270,35,140,197,647,211,164,102,116,140,5161,252,244,767,159,367,463,3129
2782,178,27,602,58,84,386,741,477,867,5615,4795,30013,8357,181,422,798,256,199,334,672,591,5925,547,538,1974,12046,3140,617,272,37,140,202,648,211,164,102,116,142,5167,252,244,768,159,367,463,3160
2832,189,27,610,58,86,386,743,477,870,5649,4820,30115,8379,181,422,799,256,202,334,672,595,5962,547,539,1981,12089,3146,618,272,37,141,205,648,211,164,102,116,142,5171,252,244,771,159,367,463,3189
2859,205,27,655,58,86,387,744,480,874,5678,4864,30273,8443,181,422,800,256,205,334,672,604,5997,547,543,1989,12231,3156,618,272,38,141,214,649,211,164,102,116,143,5175,252,244,774,159,367,463,3211
2910,212,27,679,58,86,387,750,482,884,5722,4904,30444,8507,181,422,803,256,208,335,672,619,6048,547,546,2003,12348,3185,623,273,38,141,229,650,211,164,102,116,144,5183,252,244,781,159,367,464,3240
2963,217,27,689,58,86,387,757,484,890,5761,4947,30664,8578,182,423,803,256,208,338,677,635,6135,548,546,2014,12473,3202,627,273,38,141,260,651,211,164,102,116,144,5188,252,244,785,159,367,468,3272
3032,222,27,700,58,86,387,764,487,894,5822,4981,30867,8638,182,423,806,256,209,339,681,645,6186,555,547,2027,12610,3222,631,274,38,141,272,651,211,164,102,116,144,5198,252,244,790,159,367,470,3299
3113,227,27,726,60,86,388,768,489,900,5851,5018,31082,8703,183,423,810,257,212,341,686,655,6283,557,552,2046,12753,3250,641,275,38,141,285,654,211,164,102,116,144,5207,252,245,796,159,367,470,3330
3182,236,27,742,60,86,388,770,489,901,5884,5042,31198,8768,183,423,812,257,212,343,687,659,6331,558,553,2061,12876,3265,652,275,38,141,290,654,211,164,102,116,144,5212,252,245,801,159,367,475,3357
3278,244,27,771,61,86,389,773,490,902,5910,5063,31285,8790,183,423,812,257,214,344,693,660,6375,560,557,2068,12950,3275,657,277,38,141,290,654,211,164,102,116,144,5216,254,245,807,159,367,475,3370
3349,245,29,787,61,86,401,775,492,905,5940,5103,31494,8858,183,423,813,257,214,349,698,674,6460,561,560,2081,13106,3327,668,277,38,141,302,654,213,164,102,116,144,5218,262,245,813,159,369,483,3389
3424,256,29,803,61,86,401,779,493,910,5982,5133,31616,8902,183,423,813,257,217,350,700,679,6513,566,563,2090,13191,3363,672,278,38,141,308,657,213,164,103,116,144,5227,264,245,824,159,371,488,3405
3543,264,29,821,64,86,409,789,494,913,6014,5191,31885,9011,185,424,815,257,221,350,710,689,6592,567,584,2101,13316,3408,687,280,38,141,314,659,221,164,104,116,144,5232,264,246,835,159,372,505,3432
3658,269,30,834,64,86,410,796,496,918,6128,5233,32127,9115,186,424,816,257,225,351,726,706,6674,579,593,2125,13485,3455,704,280,42,141,322,662,221,167,104,117,144,5249,265,249,842,160,372,518,3453
3845,271,30,852,64,86,413,806,498,924,6197,5294,32421,9252,188,424,819,258,229,369,729,736,6787,587,599,2145,13676,3486,719,286,43,141,331,665,223,167,105,117,144,5257,266,249,846,160,372,523,3485
3998,273,30,865,64,87,415,818,498,925,6241,5338,32610,9329,195,424,822,259,237,370,735,749,6868,588,601,2166,13816,3518,730,288,43,141,337,668,223,167,107,117,144,5261,266,249,853,161,373,534,3514
4198,274,31,872,64,88,418,825,499,927,6292,5370,32767,9365,198,424,823,262,239,384,742,755,6925,589,619,2174,13894,3538,738,289,50,141,339,670,223,168,107,117,144,5265,272,249,856,161,373,537,3532
4364,274,33,892,65,89,418,834,503,932,6359,5418,33060,9463,200,425,824,266,252,387,755,771,7054,591,624,2187,14120,3596,747,291,51,141,340,672,229,170,108,117,144,5288,272,249,859,161,373,542,3557
4561,275,41,925,65,92,419,854,505,937,6475,5483,33376,9593,216,425,825,268,263,393,765,792,7158,595,635,2205,14376,3666,763,298,51,141,347,674,231,170,110,117,144,5309,273,249,865,162,373,547,3593
4797,275,51,943,67,94,422,880,507,942,6550,5557,33768,9740,222,425,827,269,271,407,785,805,7301,598,646,2222,14607,3747,780,304,51,141,353,676,232,170,113,121,144,5325,274,249,876,163,373,548,3617
5032,275,64,973,67,94,428,906,509,951,6633,5617,34142,9886,224,425,827,271,277,429,796,821,7449,602,646,2250,14870,3816,803,308,52,141,366,679,246,170,114,123,144,5340,274,250,886,163,373,553,3665
5262,278,69,983,68,96,431,946,513,951,6737,5705,34494,10033,224,427,828,272,277,448,800,857,7601,608,654,2274,15155,3895,824,318,52,141,378,685,256,171,114,123,144,5347,276,250,902,164,373,554,3691
5471,278,75,988,70,97,435,967,516,956,6817,5765,34749,10147,226,428,830,272,279,461,809,881,7703,612,662,2296,15421,3974,832,326,52,141,395,692,264,171,115,129,144,5359,276,251,914,164,373,557,3736
5660,279,77,995,70,98,438,977,517,961,6904,5842,34929,10208,226,429,830,274,283,471,823,893,7766,613,671,2307,15494,4014,843,333,52,141,398,698,265,171,122,130,144,5367,277,251,917,168,374,558,3763
5857,280,86,1027,71,98,441,1032,523,964,6992,5921,35227,10341,259,430,830,278,286,495,836,908,7904,620,682,2356,15763,4121,852,338,52,142,405,700,277,173,123,138,144,5378,278,252,931,179,375,560,3787
6090,280,89,1046,71,100,453,1071,527,974,7118,5987,35712,10567,273,435,830,289,287,525,855,995,8045,637,696,2395,16036,4223,880,346,53,142,429,714,283,174,126,144,144,5400,282,253,938,189,385,576,3828
6356,280,97,1061,71,105,458,1099,542,994,7226,6093,36245,10772,274,438,831,295,293,545,875,1056,8264,658,708,2409,16374,4355,912,361,53,142,444,718,301,175,128,154,144,5422,288,254,943,196,388,585,3881
6660,280,112,1075,71,107,466,1139,550,1016,7322,6183,36767,10980,285,441,831,298,299,567,889,1115,8466,676,720,2435,16744,4484,935,372,53,142,457,725,323,176,130,166,144,5457,288,257,951,208,399,592,3921
6894,280,127,1091,71,107,474,1205,558,1033,7494,6292,37306,11172,294,442,833,300,309,592,910,1175,8677,698,730,2470,17159,4636,957,379,53,142,484,733,340,178,132,185,146,5492,291,260,963,209,413,595,3963
7139,280,137,1100,71,109,476,1252,572,1045,7608,6372,37697,11334,300,445,835,302,313,606,917,1219,8821,713,735,2494,17649,4774,969,384,53,142,497,742,349,179,132,208,146,5522,291,261,969,219,427,597,3995
7345,281,141,1116,71,109,478,1284,573,1053,7696,6431,38011,11404,313,446,835,303,320,618,931,1266,8915,724,740,2508,17930,4851,990,395,53,142,507,754,353,179,133,234,148,5531,291,262,972,223,432,602,4011
7561,281,155,1128,72,109,479,1310,584,1069,7739,6473,38197,11471,316,447,836,304,327,629,938,1293,9025,729,747,2521,18140,4928,1005,403,54,142,514,762,354,179,133,251,148,5542,295,263,974,228,438,602,4027
7741,284,162,1147,80,110,480,1346,595,1087,7838,6546,38598,11630,324,450,838,305,331,638,968,1348,9202,747,756,2552,18458,5027,1016,408,56,143,529,763,361,179,135,265,149,5570,297,264,979,238,448,607,4054
7997,285,175,1168,81,111,486,1396,599,1117,7997,6628,39079,11883,325,453,843,309,331,654,984,1420,9400,774,760,2585,18784,5211,1038,414,58,144,543,777,365,180,136,283,149,5622,298,265,994,246,457,612,4127
8249,287,179,1181,86,116,490,1441,607,1148,8100,6735,39649,12102,326,457,846,312,333,670,1013,1478,9634,789,773,2616,19167,5314,1064,428,58,145,567,790,370,181,139,296,149,5680,298,269,1005,255,476,621,4165
8501,287,183,1194,87,122,496,1507,619,1177,8218,6848,40210,12316,329,458,846,314,333,691,1033,1559,9851,818,776,2646,19630,5457,1081,436,58,146,582,813,379,181,143,304,149,5735,305,269,1009,273,483,623,4243
8693,287,191,1201,87,133,499,1538,634,1195,8356,6923,40628,12465,331,459,850,314,333,703,1054,1625,10006,836,779,2663,20011,5568,1098,446,58,146,591,838,382,181,144,311,150,5778,305,271,1017,280,490,628,4289
8844,295,194,1210,87,135,501,1561,638,1207,8421,6991,40939,12548,331,459,853,316,339,718,1071,1667,10114,850,782,2671,20273,5623,1117,452,58,147,598,849,384,181,148,314,152,5805,307,271,1022,295,502,629,4321
9050,299,204,1221,87,138,501,1611,664,1239,8524,7065,41311,12706,336,460,859,319,348,736,1092,1709,10311,857,792,2693,20591,5745,1133,462,59,148,608,865,389,181,149,320,157,5838,317,273,1040,309,512,632,4348
9226,307,208,1230,87,142,506,1655,688,1283,8674,7141,41811,12920,340,461,861,319,357,748,1118,1767,10530,872,796,2714,21018,5868,1167,471,60,148,618,889,396,181,155,327,165,5880,323,273,1051,324,520,637,4394
9431,315,212,1251,87,149,509,1692,702,1312,8823,7223,42344,13117,348,461,862,320,376,760,1160,1831,10725,897,804,2736,21404,6039,1206,478,61,152,628,935,400,182,156,332,180,5911,327,273,1059,342,527,648,4443
9641,321,213,1272,87,152,523,1777,719,1341,8986,7298,42793,13305,350,461,864,321,387,774,1194,1872,10940,919,808,2771,21798,6168,1238,485,61,152,633,983,404,184,160,339,196,5956,331,273,1074,360,536,653,4490
9824,324,220,1293,87,158,528,1808,732,1371,9154,7372,43377,13496,354,462,867,321,408,786,1226,1906,11159,932,814,2815,22197,6317,1264,490,63,153,644,1018,407,185,164,341,215,5998,334,273,1082,378,544,659,4531
10011,330,220,1311,87,173,540,1832,749,1388,9316,7450,43704,13630,356,462,872,321,417,803,1244,1946,11329,942,816,2858,22507,6437,1278,503,63,157,656,1078,408,185,165,345,233,6039,335,276,1091,397,556,673,4570
10134,343,220,1319,87,177,546,1844,765,1401,9406,7503,44003,13695,359,462,874,322,424,823,1259,1981,11440,949,826,2884,22735,6543,1300,507,65,158,665,1120,412,185,175,349,246,6104,339,276,1099,408,565,683,4582
10338,345,224,1336,87,186,552,1878,782,1433,9578,7583,44355,13847,363,462,879,326,426,838,1299,2001,11638,959,832,2947,22993,6688,1321,516,66,158,677,1172,416,187,192,352,263,6189,345,277,1126,418,568,701,4609
10535,354,225,1379,87,196,558,1892,800,1482,9723,7674,44927,14092,369,462,884,329,431,863,1335,2039,11883,978,842,3022,23420,6845,1354,528,67,158,688,1249,420,187,196,353,281,6243,352,278,1142,439,573,741,4652
10776,358,230,1417,87,211,565,1911,822,1526,9910,7824,45529,14306,374,464,888,331,434,892,1380,2084,12125,1002,847,3076,23835,6993,1378,538,67,165,701,1319,424,187,199,354,301,6322,365,290,1169,464,578,771,4698
10953,364,252,1463,87,218,582,1935,839,1572,10094,7941,46124,14591,380,470,899,331,440,909,1405,2109,12321,1019,852,3133,24192,7091,1400,545,67,165,717,1431,426,187,199,356,312,6444,369,297,1194,490,583,796,4731
11142,371,295,1498,89,240,599,1973,860,1612,10293,8062,46745,14814,390,474,907,331,445,941,1460,2147,12527,1033,857,3208,24621,7228,1432,551,67,165,739,1533,430,187,200,358,339,6530,376,308,1226,508,590,813,4782
11227,371,302,1498,91,253,611,1973,860,1612,10293,8062,47225,14860,400,474,910,332,445,941,1460,2181,12528,1035,857,3208,24621,7341,1441,551,67,166,777,1590,432,187,200,359,339,6530,377,308,1226,516,605,813,4782
